[32m[Nest] 21676  - [39m10/09/2026, 2:08:28 PM [32m    LOG[39m [38;5;3m[NestFactory] [39m[32mStarting Nest application...[39m
[32m[Nest] 21676  - [39m10/09/2026, 2:08:28 PM [32m    LOG[39m [38;5;3m[InstanceLoader] [39m[32mPrismaModule dependencies initialized[39m[38;5;3m +52ms[39m
[32m[Nest] 21676  - [39m10/09/2026, 2:08:28 PM [32m    LOG[39m [38;5;3m[InstanceLoader] [39m[32mDiscoveryModule dependencies initialized[39m[38;5;3m +82ms[39m
[32m[Nest] 21676  - [39m10/09/2026, 2:08:28 PM [32m    LOG[39m [38;5;3m[InstanceLoader] [39m[32mProcurementCommonModule dependencies initialized[39m[38;5;3m +2ms[39m
[32m[Nest] 21676  - [39m10/09/2026, 2:08:28 PM [32m    LOG[39m [38;5;3m[InstanceLoader] [39m[32mEventEmitterModule dependencies initialized[39m[38;5;3m +1ms[39m
[32m[Nest] 21676  - [39m10/09/2026, 2:08:28 PM [32m    LOG[39m [38;5;3m[InstanceLoader] [39m[32mAppModule dependencies initialized[39m[38;5;3m +2ms[39m
[32m[Nest] 21676  - [39m10/09/2026, 2:08:28 PM [32m    LOG[39m [38;5;3m[InstanceLoader] [39m[32mNotificationsModule dependencies initialized[39m[38;5;3m +0ms[39m
[32m[Nest] 21676  - [39m10/09/2026, 2:08:28 PM [32m    LOG[39m [38;5;3m[InstanceLoader] [39m[32mMmCommonModule dependencies initialized[39m[38;5;3m +1ms[39m
[32m[Nest] 21676  - [39m10/09/2026, 2:08:28 PM [32m    LOG[39m [38;5;3m[InstanceLoader] [39m[32mAuthModule dependencies initialized[39m[38;5;3m +0ms[39m
[32m[Nest] 21676  - [39m10/09/2026, 2:08:28 PM [32m    LOG[39m [38;5;3m[InstanceLoader] [39m[32mDocumentFlowModule dependencies initialized[39m[38;5;3m +1ms[39m
[32m[Nest] 21676  - [39m10/09/2026, 2:08:28 PM [32m    LOG[39m [38;5;3m[InstanceLoader] [39m[32mExceptionCenterModule dependencies initialized[39m[38;5;3m +0ms[39m
[32m[Nest] 21676  - [39m10/09/2026, 2:08:28 PM [32m    LOG[39m [38;5;3m[InstanceLoader] [39m[32mRetailModule dependencies initialized[39m[38;5;3m +0ms[39m
[32m[Nest] 21676  - [39m10/09/2026, 2:08:28 PM [32m    LOG[39m [38;5;3m[InstanceLoader] [39m[32mSystemSettingsModule dependencies initialized[39m[38;5;3m +0ms[39m
[32m[Nest] 21676  - [39m10/09/2026, 2:08:28 PM [32m    LOG[39m [38;5;3m[InstanceLoader] [39m[32mUsersModule dependencies initialized[39m[38;5;3m +1ms[39m
[32m[Nest] 21676  - [39m10/09/2026, 2:08:28 PM [32m    LOG[39m [38;5;3m[InstanceLoader] [39m[32mPermissionsModule dependencies initialized[39m[38;5;3m +0ms[39m
[32m[Nest] 21676  - [39m10/09/2026, 2:08:28 PM [32m    LOG[39m [38;5;3m[InstanceLoader] [39m[32mFicoModule dependencies initialized[39m[38;5;3m +0ms[39m
[32m[Nest] 21676  - [39m10/09/2026, 2:08:28 PM [32m    LOG[39m [38;5;3m[InstanceLoader] [39m[32mFicoIntegrationModule dependencies initialized[39m[38;5;3m +1ms[39m
[32m[Nest] 21676  - [39m10/09/2026, 2:08:28 PM [32m    LOG[39m [38;5;3m[InstanceLoader] [39m[32mDemandIntegrationModule dependencies initialized[39m[38;5;3m +0ms[39m
[32m[Nest] 21676  - [39m10/09/2026, 2:08:28 PM [32m    LOG[39m [38;5;3m[InstanceLoader] [39m[32mSdIntegrationModule dependencies initialized[39m[38;5;3m +0ms[39m
[32m[Nest] 21676  - [39m10/09/2026, 2:08:28 PM [32m    LOG[39m [38;5;3m[InstanceLoader] [39m[32mPpModule dependencies initialized[39m[38;5;3m +0ms[39m
[32m[Nest] 21676  - [39m10/09/2026, 2:08:28 PM [32m    LOG[39m [38;5;3m[InstanceLoader] [39m[32mCrmModule dependencies initialized[39m[38;5;3m +2ms[39m
[32m[Nest] 21676  - [39m10/09/2026, 2:08:28 PM [32m    LOG[39m [38;5;3m[InstanceLoader] [39m[32mScmModule dependencies initialized[39m[38;5;3m +0ms[39m
[32m[Nest] 21676  - [39m10/09/2026, 2:08:28 PM [32m    LOG[39m [38;5;3m[InstanceLoader] [39m[32mSdModule dependencies initialized[39m[38;5;3m +4ms[39m
[32m[Nest] 21676  - [39m10/09/2026, 2:08:28 PM [32m    LOG[39m [38;5;3m[InstanceLoader] [39m[32mProductionIntegrationModule dependencies initialized[39m[38;5;3m +0ms[39m
[32m[Nest] 21676  - [39m10/09/2026, 2:08:28 PM [32m    LOG[39m [38;5;3m[InstanceLoader] [39m[32mMmModule dependencies initialized[39m[38;5;3m +0ms[39m
Notifications WebSocket gateway initialized
[32m[Nest] 21676  - [39m10/09/2026, 2:08:28 PM [32m    LOG[39m [38;5;3m[TrackingGateway] [39m[32mSCM tracking WebSocket gateway initialized (/scm-tracking)[39m
[32m[Nest] 21676  - [39m10/09/2026, 2:08:28 PM [32m    LOG[39m [38;5;3m[RoutesResolver] [39m[32mAppController {/api/v1}:[39m[38;5;3m +2ms[39m
[32m[Nest] 21676  - [39m10/09/2026, 2:08:28 PM [32m    LOG[39m [38;5;3m[RouterExplorer] [39m[32mMapped {/api/v1, GET} route[39m[38;5;3m +4ms[39m
[32m[Nest] 21676  - [39m10/09/2026, 2:08:28 PM [32m    LOG[39m [38;5;3m[RouterExplorer] [39m[32mMapped {/api/v1/health, GET} route[39m[38;5;3m +0ms[39m
[32m[Nest] 21676  - [39m10/09/2026, 2:08:28 PM [32m    LOG[39m [38;5;3m[RoutesResolver] [39m[32mNotificationsController {/api/v1/notifications}:[39m[38;5;3m +0ms[39m
[32m[Nest] 21676  - [39m10/09/2026, 2:08:28 PM [32m    LOG[39m [38;5;3m[RouterExplorer] [39m[32mMapped {/api/v1/notifications, GET} route[39m[38;5;3m +1ms[39m
[32m[Nest] 21676  - [39m10/09/2026, 2:08:28 PM [32m    LOG[39m [38;5;3m[RouterExplorer] [39m[32mMapped {/api/v1/notifications/count, GET} route[39m[38;5;3m +1ms[39m
[32m[Nest] 21676  - [39m10/09/2026, 2:08:28 PM [32m    LOG[39m [38;5;3m[RouterExplorer] [39m[32mMapped {/api/v1/notifications, POST} route[39m[38;5;3m +0ms[39m
[32m[Nest] 21676  - [39m10/09/2026, 2:08:28 PM [32m    LOG[39m [38;5;3m[RouterExplorer] [39m[32mMapped {/api/v1/notifications/read-all, PATCH} route[39m[38;5;3m +0ms[39m
[32m[Nest] 21676  - [39m10/09/2026, 2:08:28 PM [32m    LOG[39m [38;5;3m[RouterExplorer] [39m[32mMapped {/api/v1/notifications/:id/read, PATCH} route[39m[38;5;3m +1ms[39m
[32m[Nest] 21676  - [39m10/09/2026, 2:08:28 PM [32m    LOG[39m [38;5;3m[RoutesResolver] [39m[32mAuthController {/api/v1/auth}:[39m[38;5;3m +0ms[39m
[32m[Nest] 21676  - [39m10/09/2026, 2:08:28 PM [32m    LOG[39m [38;5;3m[RouterExplorer] [39m[32mMapped {/api/v1/auth/sign-up, POST} route[39m[38;5;3m +0ms[39m
[32m[Nest] 21676  - [39m10/09/2026, 2:08:28 PM [32m    LOG[39m [38;5;3m[RouterExplorer] [39m[32mMapped {/api/v1/auth/sign-in, POST} route[39m[38;5;3m +1ms[39m
[32m[Nest] 21676  - [39m10/09/2026, 2:08:28 PM [32m    LOG[39m [38;5;3m[RouterExplorer] [39m[32mMapped {/api/v1/auth/profile, GET} route[39m[38;5;3m +0ms[39m
[32m[Nest] 21676  - [39m10/09/2026, 2:08:28 PM [32m    LOG[39m [38;5;3m[RouterExplorer] [39m[32mMapped {/api/v1/auth/profile, PATCH} route[39m[38;5;3m +4ms[39m
[32m[Nest] 21676  - [39m10/09/2026, 2:08:28 PM [32m    LOG[39m [38;5;3m[RouterExplorer] [39m[32mMapped {/api/v1/auth/password, PATCH} route[39m[38;5;3m +0ms[39m
[32m[Nest] 21676  - [39m10/09/2026, 2:08:28 PM [32m    LOG[39m [38;5;3m[RoutesResolver] [39m[32mSystemSettingsController {/api/v1/system-settings}:[39m[38;5;3m +0ms[39m
[32m[Nest] 21676  - [39m10/09/2026, 2:08:28 PM [32m    LOG[39m [38;5;3m[RouterExplorer] [39m[32mMapped {/api/v1/system-settings/public, GET} route[39m[38;5;3m +1ms[39m
[32m[Nest] 21676  - [39m10/09/2026, 2:08:28 PM [32m    LOG[39m [38;5;3m[RouterExplorer] [39m[32mMapped {/api/v1/system-settings, GET} route[39m[38;5;3m +0ms[39m
[32m[Nest] 21676  - [39m10/09/2026, 2:08:28 PM [32m    LOG[39m [38;5;3m[RouterExplorer] [39m[32mMapped {/api/v1/system-settings/:key, GET} route[39m[38;5;3m +0ms[39m
[32m[Nest] 21676  - [39m10/09/2026, 2:08:28 PM [32m    LOG[39m [38;5;3m[RouterExplorer] [39m[32mMapped {/api/v1/system-settings, PATCH} route[39m[38;5;3m +1ms[39m
[32m[Nest] 21676  - [39m10/09/2026, 2:08:28 PM [32m    LOG[39m [38;5;3m[RoutesResolver] [39m[32mUsersController {/api/v1/users}:[39m[38;5;3m +0ms[39m
[32m[Nest] 21676  - [39m10/09/2026, 2:08:28 PM [32m    LOG[39m [38;5;3m[RouterExplorer] [39m[32mMapped {/api/v1/users, GET} route[39m[38;5;3m +0ms[39m
[32m[Nest] 21676  - [39m10/09/2026, 2:08:28 PM [32m    LOG[39m [38;5;3m[RouterExplorer] [39m[32mMapped {/api/v1/users/company-options, GET} route[39m[38;5;3m +0ms[39m
[32m[Nest] 21676  - [39m10/09/2026, 2:08:28 PM [32m    LOG[39m [38;5;3m[RouterExplorer] [39m[32mMapped {/api/v1/users, POST} route[39m[38;5;3m +1ms[39m
[32m[Nest] 21676  - [39m10/09/2026, 2:08:28 PM [32m    LOG[39m [38;5;3m[RouterExplorer] [39m[32mMapped {/api/v1/users/:id, PATCH} route[39m[38;5;3m +0ms[39m
[32m[Nest] 21676  - [39m10/09/2026, 2:08:28 PM [32m    LOG[39m [38;5;3m[RouterExplorer] [39m[32mMapped {/api/v1/users/:id/status, PATCH} route[39m[38;5;3m +0ms[39m
[32m[Nest] 21676  - [39m10/09/2026, 2:08:28 PM [32m    LOG[39m [38;5;3m[RouterExplorer] [39m[32mMapped {/api/v1/users/:id/companies, GET} route[39m[38;5;3m +0ms[39m
[32m[Nest] 21676  - [39m10/09/2026, 2:08:28 PM [32m    LOG[39m [38;5;3m[RouterExplorer] [39m[32mMapped {/api/v1/users/:id/companies, POST} route[39m[38;5;3m +1ms[39m
[32m[Nest] 21676  - [39m10/09/2026, 2:08:28 PM [32m    LOG[39m [38;5;3m[RouterExplorer] [39m[32mMapped {/api/v1/users/:id/companies/:companyId, DELETE} route[39m[38;5;3m +0ms[39m
[32m[Nest] 21676  - [39m10/09/2026, 2:08:28 PM [32m    LOG[39m [38;5;3m[RouterExplorer] [39m[32mMapped {/api/v1/users/:id/companies/:companyId/default, PATCH} route[39m[38;5;3m +0ms[39m
[32m[Nest] 21676  - [39m10/09/2026, 2:08:28 PM [32m    LOG[39m [38;5;3m[RoutesResolver] [39m[32mPermissionsController {/api/v1/permissions}:[39m[38;5;3m +0ms[39m
[32m[Nest] 21676  - [39m10/09/2026, 2:08:28 PM [32m    LOG[39m [38;5;3m[RouterExplorer] [39m[32mMapped {/api/v1/permissions/me, GET} route[39m[38;5;3m +1ms[39m
[32m[Nest] 21676  - [39m10/09/2026, 2:08:28 PM [32m    LOG[39m [38;5;3m[RouterExplorer] [39m[32mMapped {/api/v1/permissions/catalog, GET} route[39m[38;5;3m +0ms[39m
[32m[Nest] 21676  - [39m10/09/2026, 2:08:28 PM [32m    LOG[39m [38;5;3m[RouterExplorer] [39m[32mMapped {/api/v1/permissions/roles, GET} route[39m[38;5;3m +0ms[39m
[32m[Nest] 21676  - [39m10/09/2026, 2:08:28 PM [32m    LOG[39m [38;5;3m[RouterExplorer] [39m[32mMapped {/api/v1/permissions/roles, POST} route[39m[38;5;3m +0ms[39m
[32m[Nest] 21676  - [39m10/09/2026, 2:08:28 PM [32m    LOG[39m [38;5;3m[RouterExplorer] [39m[32mMapped {/api/v1/permissions/roles/:code, GET} route[39m[38;5;3m +1ms[39m
[32m[Nest] 21676  - [39m10/09/2026, 2:08:28 PM [32m    LOG[39m [38;5;3m[RouterExplorer] [39m[32mMapped {/api/v1/permissions/roles/:code, PATCH} route[39m[38;5;3m +0ms[39m
[32m[Nest] 21676  - [39m10/09/2026, 2:08:28 PM [32m    LOG[39m [38;5;3m[RouterExplorer] [39m[32mMapped {/api/v1/permissions/roles/:code, DELETE} route[39m[38;5;3m +0ms[39m
[32m[Nest] 21676  - [39m10/09/2026, 2:08:28 PM [32m    LOG[39m [38;5;3m[RouterExplorer] [39m[32mMapped {/api/v1/permissions/roles/:code, PUT} route[39m[38;5;3m +0ms[39m
[32m[Nest] 21676  - [39m10/09/2026, 2:08:28 PM [32m    LOG[39m [38;5;3m[RouterExplorer] [39m[32mMapped {/api/v1/permissions/templates, GET} route[39m[38;5;3m +1ms[39m
[32m[Nest] 21676  - [39m10/09/2026, 2:08:28 PM [32m    LOG[39m [38;5;3m[RouterExplorer] [39m[32mMapped {/api/v1/permissions/templates, POST} route[39m[38;5;3m +0ms[39m
[32m[Nest] 21676  - [39m10/09/2026, 2:08:28 PM [32m    LOG[39m [38;5;3m[RouterExplorer] [39m[32mMapped {/api/v1/permissions/templates/:code, GET} route[39m[38;5;3m +0ms[39m
[32m[Nest] 21676  - [39m10/09/2026, 2:08:28 PM [32m    LOG[39m [38;5;3m[RouterExplorer] [39m[32mMapped {/api/v1/permissions/templates/:code, PATCH} route[39m[38;5;3m +0ms[39m
[32m[Nest] 21676  - [39m10/09/2026, 2:08:28 PM [32m    LOG[39m [38;5;3m[RouterExplorer] [39m[32mMapped {/api/v1/permissions/templates/:code, PUT} route[39m[38;5;3m +0ms[39m
[32m[Nest] 21676  - [39m10/09/2026, 2:08:28 PM [32m    LOG[39m [38;5;3m[RouterExplorer] [39m[32mMapped {/api/v1/permissions/templates/:code, DELETE} route[39m[38;5;3m +1ms[39m
[32m[Nest] 21676  - [39m10/09/2026, 2:08:28 PM [32m    LOG[39m [38;5;3m[RoutesResolver] [39m[32mVehiclesController {/api/v1/scm/vehicles}:[39m[38;5;3m +0ms[39m
[32m[Nest] 21676  - [39m10/09/2026, 2:08:28 PM [32m    LOG[39m [38;5;3m[RouterExplorer] [39m[32mMapped {/api/v1/scm/vehicles, GET} route[39m[38;5;3m +2ms[39m
[32m[Nest] 21676  - [39m10/09/2026, 2:08:28 PM [32m    LOG[39m [38;5;3m[RouterExplorer] [39m[32mMapped {/api/v1/scm/vehicles/:id/documents, GET} route[39m[38;5;3m +0ms[39m
[32m[Nest] 21676  - [39m10/09/2026, 2:08:28 PM [32m    LOG[39m [38;5;3m[RouterExplorer] [39m[32mMapped {/api/v1/scm/vehicles/:id/documents, POST} route[39m[38;5;3m +0ms[39m
[32m[Nest] 21676  - [39m10/09/2026, 2:08:28 PM [32m    LOG[39m [38;5;3m[RouterExplorer] [39m[32mMapped {/api/v1/scm/vehicles/:id/cargo, GET} route[39m[38;5;3m +1ms[39m
[32m[Nest] 21676  - [39m10/09/2026, 2:08:28 PM [32m    LOG[39m [38;5;3m[RouterExplorer] [39m[32mMapped {/api/v1/scm/vehicles/:id, GET} route[39m[38;5;3m +0ms[39m
[32m[Nest] 21676  - [39m10/09/2026, 2:08:28 PM [32m    LOG[39m [38;5;3m[RouterExplorer] [39m[32mMapped {/api/v1/scm/vehicles, POST} route[39m[38;5;3m +0ms[39m
[32m[Nest] 21676  - [39m10/09/2026, 2:08:28 PM [32m    LOG[39m [38;5;3m[RouterExplorer] [39m[32mMapped {/api/v1/scm/vehicles/:id, PATCH} route[39m[38;5;3m +0ms[39m
[32m[Nest] 21676  - [39m10/09/2026, 2:08:28 PM [32m    LOG[39m [38;5;3m[RouterExplorer] [39m[32mMapped {/api/v1/scm/vehicles/:id, DELETE} route[39m[38;5;3m +0ms[39m
[32m[Nest] 21676  - [39m10/09/2026, 2:08:28 PM [32m    LOG[39m [38;5;3m[RoutesResolver] [39m[32mDriversController {/api/v1/scm/drivers}:[39m[38;5;3m +1ms[39m
[32m[Nest] 21676  - [39m10/09/2026, 2:08:28 PM [32m    LOG[39m [38;5;3m[RouterExplorer] [39m[32mMapped {/api/v1/scm/drivers, GET} route[39m[38;5;3m +0ms[39m
[32m[Nest] 21676  - [39m10/09/2026, 2:08:28 PM [32m    LOG[39m [38;5;3m[RouterExplorer] [39m[32mMapped {/api/v1/scm/drivers/me, GET} route[39m[38;5;3m +0ms[39m
[32m[Nest] 21676  - [39m10/09/2026, 2:08:28 PM [32m    LOG[39m [38;5;3m[RouterExplorer] [39m[32mMapped {/api/v1/scm/drivers/:id, GET} route[39m[38;5;3m +0ms[39m
[32m[Nest] 21676  - [39m10/09/2026, 2:08:28 PM [32m    LOG[39m [38;5;3m[RouterExplorer] [39m[32mMapped {/api/v1/scm/drivers, POST} route[39m[38;5;3m +0ms[39m
[32m[Nest] 21676  - [39m10/09/2026, 2:08:28 PM [32m    LOG[39m [38;5;3m[RouterExplorer] [39m[32mMapped {/api/v1/scm/drivers/:id, PATCH} route[39m[38;5;3m +1ms[39m
[32m[Nest] 21676  - [39m10/09/2026, 2:08:28 PM [32m    LOG[39m [38;5;3m[RouterExplorer] [39m[32mMapped {/api/v1/scm/drivers/:id, DELETE} route[39m[38;5;3m +0ms[39m
[32m[Nest] 21676  - [39m10/09/2026, 2:08:28 PM [32m    LOG[39m [38;5;3m[RoutesResolver] [39m[32mShipmentsController {/api/v1/scm/shipments}:[39m[38;5;3m +2ms[39m
[32m[Nest] 21676  - [39m10/09/2026, 2:08:28 PM [32m    LOG[39m [38;5;3m[RouterExplorer] [39m[32mMapped {/api/v1/scm/shipments, GET} route[39m[38;5;3m +0ms[39m
[32m[Nest] 21676  - [39m10/09/2026, 2:08:28 PM [32m    LOG[39m [38;5;3m[RouterExplorer] [39m[32mMapped {/api/v1/scm/shipments/from-package/:packageId, POST} route[39m[38;5;3m +1ms[39m
[32m[Nest] 21676  - [39m10/09/2026, 2:08:28 PM [32m    LOG[39m [38;5;3m[RouterExplorer] [39m[32mMapped {/api/v1/scm/shipments/:id, GET} route[39m[38;5;3m +0ms[39m
[32m[Nest] 21676  - [39m10/09/2026, 2:08:28 PM [32m    LOG[39m [38;5;3m[RouterExplorer] [39m[32mMapped {/api/v1/scm/shipments, POST} route[39m[38;5;3m +0ms[39m
[32m[Nest] 21676  - [39m10/09/2026, 2:08:28 PM [32m    LOG[39m [38;5;3m[RouterExplorer] [39m[32mMapped {/api/v1/scm/shipments/:id, PATCH} route[39m[38;5;3m +0ms[39m
[32m[Nest] 21676  - [39m10/09/2026, 2:08:28 PM [32m    LOG[39m [38;5;3m[RouterExplorer] [39m[32mMapped {/api/v1/scm/shipments/:id, DELETE} route[39m[38;5;3m +0ms[39m
[32m[Nest] 21676  - [39m10/09/2026, 2:08:28 PM [32m    LOG[39m [38;5;3m[RoutesResolver] [39m[32mDamageReportsController {/api/v1/scm/shipments/:shipmentId/damage-reports}:[39m[38;5;3m +0ms[39m
[32m[Nest] 21676  - [39m10/09/2026, 2:08:28 PM [32m    LOG[39m [38;5;3m[RouterExplorer] [39m[32mMapped {/api/v1/scm/shipments/:shipmentId/damage-reports, GET} route[39m[38;5;3m +1ms[39m
[32m[Nest] 21676  - [39m10/09/2026, 2:08:28 PM [32m    LOG[39m [38;5;3m[RouterExplorer] [39m[32mMapped {/api/v1/scm/shipments/:shipmentId/damage-reports, POST} route[39m[38;5;3m +0ms[39m
[32m[Nest] 21676  - [39m10/09/2026, 2:08:28 PM [32m    LOG[39m [38;5;3m[RouterExplorer] [39m[32mMapped {/api/v1/scm/shipments/:shipmentId/damage-reports/:id, GET} route[39m[38;5;3m +0ms[39m
[32m[Nest] 21676  - [39m10/09/2026, 2:08:28 PM [32m    LOG[39m [38;5;3m[RouterExplorer] [39m[32mMapped {/api/v1/scm/shipments/:shipmentId/damage-reports/:id/cancel, POST} route[39m[38;5;3m +1ms[39m
[32m[Nest] 21676  - [39m10/09/2026, 2:08:28 PM [32m    LOG[39m [38;5;3m[RouterExplorer] [39m[32mMapped {/api/v1/scm/shipments/:shipmentId/damage-reports/:id/initiate-return, POST} route[39m[38;5;3m +0ms[39m
[32m[Nest] 21676  - [39m10/09/2026, 2:08:28 PM [32m    LOG[39m [38;5;3m[RoutesResolver] [39m[32mTripsController {/api/v1/scm/trips}:[39m[38;5;3m +0ms[39m
[32m[Nest] 21676  - [39m10/09/2026, 2:08:28 PM [32m    LOG[39m [38;5;3m[RouterExplorer] [39m[32mMapped {/api/v1/scm/trips, GET} route[39m[38;5;3m +0ms[39m
[32m[Nest] 21676  - [39m10/09/2026, 2:08:28 PM [32m    LOG[39m [38;5;3m[RouterExplorer] [39m[32mMapped {/api/v1/scm/trips/active, GET} route[39m[38;5;3m +0ms[39m
[32m[Nest] 21676  - [39m10/09/2026, 2:08:28 PM [32m    LOG[39m [38;5;3m[RouterExplorer] [39m[32mMapped {/api/v1/scm/trips/assign-load, POST} route[39m[38;5;3m +1ms[39m
[32m[Nest] 21676  - [39m10/09/2026, 2:08:28 PM [32m    LOG[39m [38;5;3m[RouterExplorer] [39m[32mMapped {/api/v1/scm/trips/:id, GET} route[39m[38;5;3m +0ms[39m
[32m[Nest] 21676  - [39m10/09/2026, 2:08:28 PM [32m    LOG[39m [38;5;3m[RouterExplorer] [39m[32mMapped {/api/v1/scm/trips, POST} route[39m[38;5;3m +0ms[39m
[32m[Nest] 21676  - [39m10/09/2026, 2:08:28 PM [32m    LOG[39m [38;5;3m[RouterExplorer] [39m[32mMapped {/api/v1/scm/trips/:id, PATCH} route[39m[38;5;3m +0ms[39m
[32m[Nest] 21676  - [39m10/09/2026, 2:08:28 PM [32m    LOG[39m [38;5;3m[RouterExplorer] [39m[32mMapped {/api/v1/scm/trips/:id/status, PATCH} route[39m[38;5;3m +1ms[39m
[32m[Nest] 21676  - [39m10/09/2026, 2:08:28 PM [32m    LOG[39m [38;5;3m[RouterExplorer] [39m[32mMapped {/api/v1/scm/trips/:id/start, PATCH} route[39m[38;5;3m +0ms[39m
[32m[Nest] 21676  - [39m10/09/2026, 2:08:28 PM [32m    LOG[39m [38;5;3m[RouterExplorer] [39m[32mMapped {/api/v1/scm/trips/:id/stops, POST} route[39m[38;5;3m +0ms[39m
[32m[Nest] 21676  - [39m10/09/2026, 2:08:28 PM [32m    LOG[39m [38;5;3m[RouterExplorer] [39m[32mMapped {/api/v1/scm/trips/:id/stops/:stopId, PATCH} route[39m[38;5;3m +0ms[39m
[32m[Nest] 21676  - [39m10/09/2026, 2:08:28 PM [32m    LOG[39m [38;5;3m[RouterExplorer] [39m[32mMapped {/api/v1/scm/trips/:id/stops/:stopId/arrive, PATCH} route[39m[38;5;3m +1ms[39m
[32m[Nest] 21676  - [39m10/09/2026, 2:08:28 PM [32m    LOG[39m [38;5;3m[RouterExplorer] [39m[32mMapped {/api/v1/scm/trips/:id/stops/:stopId/pod, PATCH} route[39m[38;5;3m +0ms[39m
[32m[Nest] 21676  - [39m10/09/2026, 2:08:28 PM [32m    LOG[39m [38;5;3m[RouterExplorer] [39m[32mMapped {/api/v1/scm/trips/:id/stops/:stopId/deliver, PATCH} route[39m[38;5;3m +0ms[39m
[32m[Nest] 21676  - [39m10/09/2026, 2:08:28 PM [32m    LOG[39m [38;5;3m[RouterExplorer] [39m[32mMapped {/api/v1/scm/trips/:id/stops/:stopId, DELETE} route[39m[38;5;3m +1ms[39m
[32m[Nest] 21676  - [39m10/09/2026, 2:08:28 PM [32m    LOG[39m [38;5;3m[RouterExplorer] [39m[32mMapped {/api/v1/scm/trips/:id, DELETE} route[39m[38;5;3m +0ms[39m
[32m[Nest] 21676  - [39m10/09/2026, 2:08:28 PM [32m    LOG[39m [38;5;3m[RoutesResolver] [39m[32mTrackingController {/api/v1/scm/tracking}:[39m[38;5;3m +0ms[39m
[32m[Nest] 21676  - [39m10/09/2026, 2:08:28 PM [32m    LOG[39m [38;5;3m[RouterExplorer] [39m[32mMapped {/api/v1/scm/tracking/fleet, GET} route[39m[38;5;3m +0ms[39m
[32m[Nest] 21676  - [39m10/09/2026, 2:08:28 PM [32m    LOG[39m [38;5;3m[RouterExplorer] [39m[32mMapped {/api/v1/scm/tracking/vehicles/:vehicleId/latest, GET} route[39m[38;5;3m +1ms[39m
[32m[Nest] 21676  - [39m10/09/2026, 2:08:28 PM [32m    LOG[39m [38;5;3m[RouterExplorer] [39m[32mMapped {/api/v1/scm/tracking/vehicles/:vehicleId/history, GET} route[39m[38;5;3m +0ms[39m
[32m[Nest] 21676  - [39m10/09/2026, 2:08:28 PM [32m    LOG[39m [38;5;3m[RouterExplorer] [39m[32mMapped {/api/v1/scm/tracking/vehicles/:vehicleId/telematics-history, GET} route[39m[38;5;3m +0ms[39m
[32m[Nest] 21676  - [39m10/09/2026, 2:08:28 PM [32m    LOG[39m [38;5;3m[RouterExplorer] [39m[32mMapped {/api/v1/scm/tracking/ping, POST} route[39m[38;5;3m +1ms[39m
[32m[Nest] 21676  - [39m10/09/2026, 2:08:28 PM [32m    LOG[39m [38;5;3m[RouterExplorer] [39m[32mMapped {/api/v1/scm/tracking/ingest, POST} route[39m[38;5;3m +0ms[39m
[32m[Nest] 21676  - [39m10/09/2026, 2:08:28 PM [32m    LOG[39m [38;5;3m[RouterExplorer] [39m[32mMapped {/api/v1/scm/tracking/geofence-hook, POST} route[39m[38;5;3m +0ms[39m
[32m[Nest] 21676  - [39m10/09/2026, 2:08:28 PM [32m    LOG[39m [38;5;3m[RoutesResolver] [39m[32mMaintenanceController {/api/v1/scm/maintenance}:[39m[38;5;3m +0ms[39m
[32m[Nest] 21676  - [39m10/09/2026, 2:08:28 PM [32m    LOG[39m [38;5;3m[RouterExplorer] [39m[32mMapped {/api/v1/scm/maintenance, GET} route[39m[38;5;3m +0ms[39m
[32m[Nest] 21676  - [39m10/09/2026, 2:08:28 PM [32m    LOG[39m [38;5;3m[RouterExplorer] [39m[32mMapped {/api/v1/scm/maintenance/documents, GET} route[39m[38;5;3m +1ms[39m
[32m[Nest] 21676  - [39m10/09/2026, 2:08:28 PM [32m    LOG[39m [38;5;3m[RouterExplorer] [39m[32mMapped {/api/v1/scm/maintenance/compliance-summary, GET} route[39m[38;5;3m +0ms[39m
[32m[Nest] 21676  - [39m10/09/2026, 2:08:28 PM [32m    LOG[39m [38;5;3m[RouterExplorer] [39m[32mMapped {/api/v1/scm/maintenance/odometer-thresholds, PUT} route[39m[38;5;3m +0ms[39m
[32m[Nest] 21676  - [39m10/09/2026, 2:08:28 PM [32m    LOG[39m [38;5;3m[RouterExplorer] [39m[32mMapped {/api/v1/scm/maintenance/:id, GET} route[39m[38;5;3m +0ms[39m
[32m[Nest] 21676  - [39m10/09/2026, 2:08:28 PM [32m    LOG[39m [38;5;3m[RouterExplorer] [39m[32mMapped {/api/v1/scm/maintenance, POST} route[39m[38;5;3m +0ms[39m
[32m[Nest] 21676  - [39m10/09/2026, 2:08:28 PM [32m    LOG[39m [38;5;3m[RouterExplorer] [39m[32mMapped {/api/v1/scm/maintenance/:id, PATCH} route[39m[38;5;3m +1ms[39m
[32m[Nest] 21676  - [39m10/09/2026, 2:08:28 PM [32m    LOG[39m [38;5;3m[RouterExplorer] [39m[32mMapped {/api/v1/scm/maintenance/:id, DELETE} route[39m[38;5;3m +0ms[39m
[32m[Nest] 21676  - [39m10/09/2026, 2:08:28 PM [32m    LOG[39m [38;5;3m[RoutesResolver] [39m[32mVehicleDocumentsController {/api/v1/scm/documents}:[39m[38;5;3m +0ms[39m
[32m[Nest] 21676  - [39m10/09/2026, 2:08:28 PM [32m    LOG[39m [38;5;3m[RouterExplorer] [39m[32mMapped {/api/v1/scm/documents/:id, GET} route[39m[38;5;3m +0ms[39m
[32m[Nest] 21676  - [39m10/09/2026, 2:08:28 PM [32m    LOG[39m [38;5;3m[RouterExplorer] [39m[32mMapped {/api/v1/scm/documents/:id, PATCH} route[39m[38;5;3m +0ms[39m
[32m[Nest] 21676  - [39m10/09/2026, 2:08:28 PM [32m    LOG[39m [38;5;3m[RouterExplorer] [39m[32mMapped {/api/v1/scm/documents/:id, DELETE} route[39m[38;5;3m +0ms[39m
[32m[Nest] 21676  - [39m10/09/2026, 2:08:28 PM [32m    LOG[39m [38;5;3m[RoutesResolver] [39m[32mGeofencesController {/api/v1/scm/geofences}:[39m[38;5;3m +0ms[39m
[32m[Nest] 21676  - [39m10/09/2026, 2:08:28 PM [32m    LOG[39m [38;5;3m[RouterExplorer] [39m[32mMapped {/api/v1/scm/geofences, GET} route[39m[38;5;3m +0ms[39m
[32m[Nest] 21676  - [39m10/09/2026, 2:08:28 PM [32m    LOG[39m [38;5;3m[RouterExplorer] [39m[32mMapped {/api/v1/scm/geofences/events, GET} route[39m[38;5;3m +0ms[39m
[32m[Nest] 21676  - [39m10/09/2026, 2:08:28 PM [32m    LOG[39m [38;5;3m[RouterExplorer] [39m[32mMapped {/api/v1/scm/geofences/:id, GET} route[39m[38;5;3m +1ms[39m
[32m[Nest] 21676  - [39m10/09/2026, 2:08:28 PM [32m    LOG[39m [38;5;3m[RouterExplorer] [39m[32mMapped {/api/v1/scm/geofences, POST} route[39m[38;5;3m +0ms[39m
[32m[Nest] 21676  - [39m10/09/2026, 2:08:28 PM [32m    LOG[39m [38;5;3m[RouterExplorer] [39m[32mMapped {/api/v1/scm/geofences/:id, PATCH} route[39m[38;5;3m +0ms[39m
[32m[Nest] 21676  - [39m10/09/2026, 2:08:28 PM [32m    LOG[39m [38;5;3m[RouterExplorer] [39m[32mMapped {/api/v1/scm/geofences/:id, DELETE} route[39m[38;5;3m +0ms[39m
[32m[Nest] 21676  - [39m10/09/2026, 2:08:28 PM [32m    LOG[39m [38;5;3m[RoutesResolver] [39m[32mGeocodeController {/api/v1/scm/geocode}:[39m[38;5;3m +0ms[39m
[32m[Nest] 21676  - [39m10/09/2026, 2:08:28 PM [32m    LOG[39m [38;5;3m[RouterExplorer] [39m[32mMapped {/api/v1/scm/geocode/search, GET} route[39m[38;5;3m +0ms[39m
[32m[Nest] 21676  - [39m10/09/2026, 2:08:28 PM [32m    LOG[39m [38;5;3m[RouterExplorer] [39m[32mMapped {/api/v1/scm/geocode/reverse, GET} route[39m[38;5;3m +1ms[39m
[32m[Nest] 21676  - [39m10/09/2026, 2:08:28 PM [32m    LOG[39m [38;5;3m[RoutesResolver] [39m[32mPlacesController {/api/v1/scm/places}:[39m[38;5;3m +0ms[39m
[32m[Nest] 21676  - [39m10/09/2026, 2:08:28 PM [32m    LOG[39m [38;5;3m[RouterExplorer] [39m[32mMapped {/api/v1/scm/places/search, GET} route[39m[38;5;3m +0ms[39m
[32m[Nest] 21676  - [39m10/09/2026, 2:08:28 PM [32m    LOG[39m [38;5;3m[RoutesResolver] [39m[32mDashboardController {/api/v1/scm/dashboard}:[39m[38;5;3m +0ms[39m
[32m[Nest] 21676  - [39m10/09/2026, 2:08:28 PM [32m    LOG[39m [38;5;3m[RouterExplorer] [39m[32mMapped {/api/v1/scm/dashboard/summary, GET} route[39m[38;5;3m +1ms[39m
[32m[Nest] 21676  - [39m10/09/2026, 2:08:28 PM [32m    LOG[39m [38;5;3m[RoutesResolver] [39m[32mDemandPlanController {/api/v1/scm/demand}:[39m[38;5;3m +0ms[39m
[32m[Nest] 21676  - [39m10/09/2026, 2:08:28 PM [32m    LOG[39m [38;5;3m[RouterExplorer] [39m[32mMapped {/api/v1/scm/demand/horizon-presets, GET} route[39m[38;5;3m +0ms[39m
[32m[Nest] 21676  - [39m10/09/2026, 2:08:28 PM [32m    LOG[39m [38;5;3m[RouterExplorer] [39m[32mMapped {/api/v1/scm/demand/past-sales, GET} route[39m[38;5;3m +0ms[39m
[32m[Nest] 21676  - [39m10/09/2026, 2:08:28 PM [32m    LOG[39m [38;5;3m[RouterExplorer] [39m[32mMapped {/api/v1/scm/demand/plans/:id/generate-forecast, POST} route[39m[38;5;3m +0ms[39m
[32m[Nest] 21676  - [39m10/09/2026, 2:08:28 PM [32m    LOG[39m [38;5;3m[RouterExplorer] [39m[32mMapped {/api/v1/scm/demand/plans, GET} route[39m[38;5;3m +1ms[39m
[32m[Nest] 21676  - [39m10/09/2026, 2:08:28 PM [32m    LOG[39m [38;5;3m[RouterExplorer] [39m[32mMapped {/api/v1/scm/demand/plans/:id, GET} route[39m[38;5;3m +0ms[39m
[32m[Nest] 21676  - [39m10/09/2026, 2:08:28 PM [32m    LOG[39m [38;5;3m[RouterExplorer] [39m[32mMapped {/api/v1/scm/demand/plans, POST} route[39m[38;5;3m +0ms[39m
[32m[Nest] 21676  - [39m10/09/2026, 2:08:28 PM [32m    LOG[39m [38;5;3m[RouterExplorer] [39m[32mMapped {/api/v1/scm/demand/plans/:id, PATCH} route[39m[38;5;3m +0ms[39m
[32m[Nest] 21676  - [39m10/09/2026, 2:08:28 PM [32m    LOG[39m [38;5;3m[RouterExplorer] [39m[32mMapped {/api/v1/scm/demand/plans/:id/grid, GET} route[39m[38;5;3m +1ms[39m
[32m[Nest] 21676  - [39m10/09/2026, 2:08:28 PM [32m    LOG[39m [38;5;3m[RouterExplorer] [39m[32mMapped {/api/v1/scm/demand/plans/:id/cells, PATCH} route[39m[38;5;3m +0ms[39m
[32m[Nest] 21676  - [39m10/09/2026, 2:08:28 PM [32m    LOG[39m [38;5;3m[RouterExplorer] [39m[32mMapped {/api/v1/scm/demand/plans/:id/publish, POST} route[39m[38;5;3m +0ms[39m
[32m[Nest] 21676  - [39m10/09/2026, 2:08:28 PM [32m    LOG[39m [38;5;3m[RoutesResolver] [39m[32mTmsController {/api/v1/scm/tms}:[39m[38;5;3m +0ms[39m
[32m[Nest] 21676  - [39m10/09/2026, 2:08:28 PM [32m    LOG[39m [38;5;3m[RouterExplorer] [39m[32mMapped {/api/v1/scm/tms/load-plans, GET} route[39m[38;5;3m +0ms[39m
[32m[Nest] 21676  - [39m10/09/2026, 2:08:28 PM [32m    LOG[39m [38;5;3m[RouterExplorer] [39m[32mMapped {/api/v1/scm/tms/load-plans, POST} route[39m[38;5;3m +0ms[39m
[32m[Nest] 21676  - [39m10/09/2026, 2:08:28 PM [32m    LOG[39m [38;5;3m[RouterExplorer] [39m[32mMapped {/api/v1/scm/tms/shipment-lines/available, GET} route[39m[38;5;3m +1ms[39m
[32m[Nest] 21676  - [39m10/09/2026, 2:08:28 PM [32m    LOG[39m [38;5;3m[RouterExplorer] [39m[32mMapped {/api/v1/scm/tms/load-plans/:id, GET} route[39m[38;5;3m +0ms[39m
[32m[Nest] 21676  - [39m10/09/2026, 2:08:28 PM [32m    LOG[39m [38;5;3m[RouterExplorer] [39m[32mMapped {/api/v1/scm/tms/load-plans/:id/lines, POST} route[39m[38;5;3m +0ms[39m
[32m[Nest] 21676  - [39m10/09/2026, 2:08:28 PM [32m    LOG[39m [38;5;3m[RouterExplorer] [39m[32mMapped {/api/v1/scm/tms/load-plans/:id/lines/:lineId, DELETE} route[39m[38;5;3m +1ms[39m
[32m[Nest] 21676  - [39m10/09/2026, 2:08:28 PM [32m    LOG[39m [38;5;3m[RouterExplorer] [39m[32mMapped {/api/v1/scm/tms/load-plans/:id/validate, POST} route[39m[38;5;3m +0ms[39m
[32m[Nest] 21676  - [39m10/09/2026, 2:08:28 PM [32m    LOG[39m [38;5;3m[RouterExplorer] [39m[32mMapped {/api/v1/scm/tms/load-plans/:id/ready, POST} route[39m[38;5;3m +0ms[39m
[32m[Nest] 21676  - [39m10/09/2026, 2:08:28 PM [32m    LOG[39m [38;5;3m[RouterExplorer] [39m[32mMapped {/api/v1/scm/tms/load-plans/:id/reopen, POST} route[39m[38;5;3m +0ms[39m
[32m[Nest] 21676  - [39m10/09/2026, 2:08:28 PM [32m    LOG[39m [38;5;3m[RouterExplorer] [39m[32mMapped {/api/v1/scm/tms/load-plans/:id/cancel, POST} route[39m[38;5;3m +0ms[39m
[32m[Nest] 21676  - [39m10/09/2026, 2:08:28 PM [32m    LOG[39m [38;5;3m[RouterExplorer] [39m[32mMapped {/api/v1/scm/tms/load-plans/:id/route-preview, POST} route[39m[38;5;3m +1ms[39m
[32m[Nest] 21676  - [39m10/09/2026, 2:08:28 PM [32m    LOG[39m [38;5;3m[RouterExplorer] [39m[32mMapped {/api/v1/scm/tms/trip-candidates, GET} route[39m[38;5;3m +0ms[39m
[32m[Nest] 21676  - [39m10/09/2026, 2:08:28 PM [32m    LOG[39m [38;5;3m[RouterExplorer] [39m[32mMapped {/api/v1/scm/tms/trips, GET} route[39m[38;5;3m +0ms[39m
[32m[Nest] 21676  - [39m10/09/2026, 2:08:28 PM [32m    LOG[39m [38;5;3m[RouterExplorer] [39m[32mMapped {/api/v1/scm/tms/trips, POST} route[39m[38;5;3m +0ms[39m
[32m[Nest] 21676  - [39m10/09/2026, 2:08:28 PM [32m    LOG[39m [38;5;3m[RouterExplorer] [39m[32mMapped {/api/v1/scm/tms/trips/:id, GET} route[39m[38;5;3m +1ms[39m
[32m[Nest] 21676  - [39m10/09/2026, 2:08:28 PM [32m    LOG[39m [38;5;3m[RouterExplorer] [39m[32mMapped {/api/v1/scm/tms/trips/:id, PATCH} route[39m[38;5;3m +0ms[39m
[32m[Nest] 21676  - [39m10/09/2026, 2:08:28 PM [32m    LOG[39m [38;5;3m[RouterExplorer] [39m[32mMapped {/api/v1/scm/tms/trips/:id/stops/sequence, PATCH} route[39m[38;5;3m +0ms[39m
[32m[Nest] 21676  - [39m10/09/2026, 2:08:28 PM [32m    LOG[39m [38;5;3m[RouterExplorer] [39m[32mMapped {/api/v1/scm/tms/trips/:id/validate, POST} route[39m[38;5;3m +0ms[39m
[32m[Nest] 21676  - [39m10/09/2026, 2:08:28 PM [32m    LOG[39m [38;5;3m[RouterExplorer] [39m[32mMapped {/api/v1/scm/tms/trips/:id/dispatch, POST} route[39m[38;5;3m +0ms[39m
[32m[Nest] 21676  - [39m10/09/2026, 2:08:28 PM [32m    LOG[39m [38;5;3m[RouterExplorer] [39m[32mMapped {/api/v1/scm/tms/trips/:id/cancel, POST} route[39m[38;5;3m +1ms[39m
[32m[Nest] 21676  - [39m10/09/2026, 2:08:28 PM [32m    LOG[39m [38;5;3m[RoutesResolver] [39m[32mMaterialsController {/api/v1/mm/materials}:[39m[38;5;3m +0ms[39m
[32m[Nest] 21676  - [39m10/09/2026, 2:08:28 PM [32m    LOG[39m [38;5;3m[RouterExplorer] [39m[32mMapped {/api/v1/mm/materials, GET} route[39m[38;5;3m +0ms[39m
[32m[Nest] 21676  - [39m10/09/2026, 2:08:28 PM [32m    LOG[39m [38;5;3m[RouterExplorer] [39m[32mMapped {/api/v1/mm/materials/:id/balances, GET} route[39m[38;5;3m +0ms[39m
[32m[Nest] 21676  - [39m10/09/2026, 2:08:28 PM [32m    LOG[39m [38;5;3m[RouterExplorer] [39m[32mMapped {/api/v1/mm/materials/:id/transactions, GET} route[39m[38;5;3m +1ms[39m
[32m[Nest] 21676  - [39m10/09/2026, 2:08:28 PM [32m    LOG[39m [38;5;3m[RouterExplorer] [39m[32mMapped {/api/v1/mm/materials/:id/attachments, GET} route[39m[38;5;3m +0ms[39m
[32m[Nest] 21676  - [39m10/09/2026, 2:08:28 PM [32m    LOG[39m [38;5;3m[RouterExplorer] [39m[32mMapped {/api/v1/mm/materials/:id/attachments, POST} route[39m[38;5;3m +0ms[39m
[32m[Nest] 21676  - [39m10/09/2026, 2:08:28 PM [32m    LOG[39m [38;5;3m[RouterExplorer] [39m[32mMapped {/api/v1/mm/materials/:id/attachments/:attachmentId, DELETE} route[39m[38;5;3m +0ms[39m
[32m[Nest] 21676  - [39m10/09/2026, 2:08:28 PM [32m    LOG[39m [38;5;3m[RouterExplorer] [39m[32mMapped {/api/v1/mm/materials/:id, GET} route[39m[38;5;3m +1ms[39m
[32m[Nest] 21676  - [39m10/09/2026, 2:08:28 PM [32m    LOG[39m [38;5;3m[RouterExplorer] [39m[32mMapped {/api/v1/mm/materials, POST} route[39m[38;5;3m +0ms[39m
[32m[Nest] 21676  - [39m10/09/2026, 2:08:28 PM [32m    LOG[39m [38;5;3m[RouterExplorer] [39m[32mMapped {/api/v1/mm/materials/:id, PUT} route[39m[38;5;3m +0ms[39m
[32m[Nest] 21676  - [39m10/09/2026, 2:08:28 PM [32m    LOG[39m [38;5;3m[RouterExplorer] [39m[32mMapped {/api/v1/mm/materials/:id/activate, POST} route[39m[38;5;3m +0ms[39m
[32m[Nest] 21676  - [39m10/09/2026, 2:08:28 PM [32m    LOG[39m [38;5;3m[RouterExplorer] [39m[32mMapped {/api/v1/mm/materials/:id/deactivate, POST} route[39m[38;5;3m +0ms[39m
[32m[Nest] 21676  - [39m10/09/2026, 2:08:28 PM [32m    LOG[39m [38;5;3m[RouterExplorer] [39m[32mMapped {/api/v1/mm/materials/:id/block, POST} route[39m[38;5;3m +1ms[39m
[32m[Nest] 21676  - [39m10/09/2026, 2:08:28 PM [32m    LOG[39m [38;5;3m[RouterExplorer] [39m[32mMapped {/api/v1/mm/materials/:id/unblock, POST} route[39m[38;5;3m +0ms[39m
[32m[Nest] 21676  - [39m10/09/2026, 2:08:28 PM [32m    LOG[39m [38;5;3m[RouterExplorer] [39m[32mMapped {/api/v1/mm/materials/:id, DELETE} route[39m[38;5;3m +0ms[39m
[32m[Nest] 21676  - [39m10/09/2026, 2:08:28 PM [32m    LOG[39m [38;5;3m[RoutesResolver] [39m[32mMaterialTypesController {/api/v1/mm/material-types}:[39m[38;5;3m +0ms[39m
[32m[Nest] 21676  - [39m10/09/2026, 2:08:28 PM [32m    LOG[39m [38;5;3m[RouterExplorer] [39m[32mMapped {/api/v1/mm/material-types, GET} route[39m[38;5;3m +0ms[39m
[32m[Nest] 21676  - [39m10/09/2026, 2:08:28 PM [32m    LOG[39m [38;5;3m[RouterExplorer] [39m[32mMapped {/api/v1/mm/material-types/:id, GET} route[39m[38;5;3m +1ms[39m
[32m[Nest] 21676  - [39m10/09/2026, 2:08:28 PM [32m    LOG[39m [38;5;3m[RouterExplorer] [39m[32mMapped {/api/v1/mm/material-types, POST} route[39m[38;5;3m +0ms[39m
[32m[Nest] 21676  - [39m10/09/2026, 2:08:28 PM [32m    LOG[39m [38;5;3m[RouterExplorer] [39m[32mMapped {/api/v1/mm/material-types/:id, PUT} route[39m[38;5;3m +0ms[39m
[32m[Nest] 21676  - [39m10/09/2026, 2:08:28 PM [32m    LOG[39m [38;5;3m[RouterExplorer] [39m[32mMapped {/api/v1/mm/material-types/:id, DELETE} route[39m[38;5;3m +0ms[39m
[32m[Nest] 21676  - [39m10/09/2026, 2:08:28 PM [32m    LOG[39m [38;5;3m[RoutesResolver] [39m[32mMaterialCategoriesController {/api/v1/mm/material-categories}:[39m[38;5;3m +0ms[39m
[32m[Nest] 21676  - [39m10/09/2026, 2:08:28 PM [32m    LOG[39m [38;5;3m[RouterExplorer] [39m[32mMapped {/api/v1/mm/material-categories, GET} route[39m[38;5;3m +0ms[39m
[32m[Nest] 21676  - [39m10/09/2026, 2:08:28 PM [32m    LOG[39m [38;5;3m[RouterExplorer] [39m[32mMapped {/api/v1/mm/material-categories/:id, GET} route[39m[38;5;3m +1ms[39m
[32m[Nest] 21676  - [39m10/09/2026, 2:08:28 PM [32m    LOG[39m [38;5;3m[RouterExplorer] [39m[32mMapped {/api/v1/mm/material-categories, POST} route[39m[38;5;3m +0ms[39m
[32m[Nest] 21676  - [39m10/09/2026, 2:08:28 PM [32m    LOG[39m [38;5;3m[RouterExplorer] [39m[32mMapped {/api/v1/mm/material-categories/:id, PUT} route[39m[38;5;3m +0ms[39m
[32m[Nest] 21676  - [39m10/09/2026, 2:08:28 PM [32m    LOG[39m [38;5;3m[RouterExplorer] [39m[32mMapped {/api/v1/mm/material-categories/:id, DELETE} route[39m[38;5;3m +0ms[39m
[32m[Nest] 21676  - [39m10/09/2026, 2:08:28 PM [32m    LOG[39m [38;5;3m[RoutesResolver] [39m[32mUomController {/api/v1/mm/uom}:[39m[38;5;3m +0ms[39m
[32m[Nest] 21676  - [39m10/09/2026, 2:08:28 PM [32m    LOG[39m [38;5;3m[RouterExplorer] [39m[32mMapped {/api/v1/mm/uom, GET} route[39m[38;5;3m +1ms[39m
[32m[Nest] 21676  - [39m10/09/2026, 2:08:28 PM [32m    LOG[39m [38;5;3m[RouterExplorer] [39m[32mMapped {/api/v1/mm/uom/:id, GET} route[39m[38;5;3m +0ms[39m
[32m[Nest] 21676  - [39m10/09/2026, 2:08:28 PM [32m    LOG[39m [38;5;3m[RouterExplorer] [39m[32mMapped {/api/v1/mm/uom, POST} route[39m[38;5;3m +0ms[39m
[32m[Nest] 21676  - [39m10/09/2026, 2:08:28 PM [32m    LOG[39m [38;5;3m[RouterExplorer] [39m[32mMapped {/api/v1/mm/uom/:id, PUT} route[39m[38;5;3m +0ms[39m
[32m[Nest] 21676  - [39m10/09/2026, 2:08:28 PM [32m    LOG[39m [38;5;3m[RouterExplorer] [39m[32mMapped {/api/v1/mm/uom/:id, DELETE} route[39m[38;5;3m +1ms[39m
[32m[Nest] 21676  - [39m10/09/2026, 2:08:28 PM [32m    LOG[39m [38;5;3m[RoutesResolver] [39m[32mUomConversionsController {/api/v1/mm/uom-conversions}:[39m[38;5;3m +0ms[39m
[32m[Nest] 21676  - [39m10/09/2026, 2:08:28 PM [32m    LOG[39m [38;5;3m[RouterExplorer] [39m[32mMapped {/api/v1/mm/uom-conversions, GET} route[39m[38;5;3m +0ms[39m
[32m[Nest] 21676  - [39m10/09/2026, 2:08:28 PM [32m    LOG[39m [38;5;3m[RouterExplorer] [39m[32mMapped {/api/v1/mm/uom-conversions/:id, GET} route[39m[38;5;3m +1ms[39m
[32m[Nest] 21676  - [39m10/09/2026, 2:08:28 PM [32m    LOG[39m [38;5;3m[RouterExplorer] [39m[32mMapped {/api/v1/mm/uom-conversions, POST} route[39m[38;5;3m +0ms[39m
[32m[Nest] 21676  - [39m10/09/2026, 2:08:28 PM [32m    LOG[39m [38;5;3m[RouterExplorer] [39m[32mMapped {/api/v1/mm/uom-conversions/:id, PUT} route[39m[38;5;3m +1ms[39m
[32m[Nest] 21676  - [39m10/09/2026, 2:08:28 PM [32m    LOG[39m [38;5;3m[RouterExplorer] [39m[32mMapped {/api/v1/mm/uom-conversions/:id, DELETE} route[39m[38;5;3m +0ms[39m
[32m[Nest] 21676  - [39m10/09/2026, 2:08:28 PM [32m    LOG[39m [38;5;3m[RoutesResolver] [39m[32mBarcodesController {/api/v1/mm/barcodes}:[39m[38;5;3m +0ms[39m
[32m[Nest] 21676  - [39m10/09/2026, 2:08:28 PM [32m    LOG[39m [38;5;3m[RouterExplorer] [39m[32mMapped {/api/v1/mm/barcodes, GET} route[39m[38;5;3m +0ms[39m
[32m[Nest] 21676  - [39m10/09/2026, 2:08:28 PM [32m    LOG[39m [38;5;3m[RouterExplorer] [39m[32mMapped {/api/v1/mm/barcodes/:id, GET} route[39m[38;5;3m +1ms[39m
[32m[Nest] 21676  - [39m10/09/2026, 2:08:28 PM [32m    LOG[39m [38;5;3m[RouterExplorer] [39m[32mMapped {/api/v1/mm/barcodes, POST} route[39m[38;5;3m +0ms[39m
[32m[Nest] 21676  - [39m10/09/2026, 2:08:28 PM [32m    LOG[39m [38;5;3m[RouterExplorer] [39m[32mMapped {/api/v1/mm/barcodes/:id, DELETE} route[39m[38;5;3m +0ms[39m
[32m[Nest] 21676  - [39m10/09/2026, 2:08:28 PM [32m    LOG[39m [38;5;3m[RoutesResolver] [39m[32mBatchesController {/api/v1/mm/batches}:[39m[38;5;3m +1ms[39m
[32m[Nest] 21676  - [39m10/09/2026, 2:08:28 PM [32m    LOG[39m [38;5;3m[RouterExplorer] [39m[32mMapped {/api/v1/mm/batches, GET} route[39m[38;5;3m +0ms[39m
[32m[Nest] 21676  - [39m10/09/2026, 2:08:28 PM [32m    LOG[39m [38;5;3m[RouterExplorer] [39m[32mMapped {/api/v1/mm/batches/:id, GET} route[39m[38;5;3m +0ms[39m
[32m[Nest] 21676  - [39m10/09/2026, 2:08:28 PM [32m    LOG[39m [38;5;3m[RouterExplorer] [39m[32mMapped {/api/v1/mm/batches, POST} route[39m[38;5;3m +0ms[39m
[32m[Nest] 21676  - [39m10/09/2026, 2:08:28 PM [32m    LOG[39m [38;5;3m[RouterExplorer] [39m[32mMapped {/api/v1/mm/batches/:id, PUT} route[39m[38;5;3m +0ms[39m
[32m[Nest] 21676  - [39m10/09/2026, 2:08:28 PM [32m    LOG[39m [38;5;3m[RouterExplorer] [39m[32mMapped {/api/v1/mm/batches/:id, DELETE} route[39m[38;5;3m +1ms[39m
[32m[Nest] 21676  - [39m10/09/2026, 2:08:28 PM [32m    LOG[39m [38;5;3m[RoutesResolver] [39m[32mSerialNumbersController {/api/v1/mm/serial-numbers}:[39m[38;5;3m +0ms[39m
[32m[Nest] 21676  - [39m10/09/2026, 2:08:28 PM [32m    LOG[39m [38;5;3m[RouterExplorer] [39m[32mMapped {/api/v1/mm/serial-numbers, GET} route[39m[38;5;3m +0ms[39m
[32m[Nest] 21676  - [39m10/09/2026, 2:08:28 PM [32m    LOG[39m [38;5;3m[RouterExplorer] [39m[32mMapped {/api/v1/mm/serial-numbers/:id, GET} route[39m[38;5;3m +0ms[39m
[32m[Nest] 21676  - [39m10/09/2026, 2:08:28 PM [32m    LOG[39m [38;5;3m[RouterExplorer] [39m[32mMapped {/api/v1/mm/serial-numbers, POST} route[39m[38;5;3m +1ms[39m
[32m[Nest] 21676  - [39m10/09/2026, 2:08:28 PM [32m    LOG[39m [38;5;3m[RouterExplorer] [39m[32mMapped {/api/v1/mm/serial-numbers/:id, PUT} route[39m[38;5;3m +0ms[39m
[32m[Nest] 21676  - [39m10/09/2026, 2:08:28 PM [32m    LOG[39m [38;5;3m[RouterExplorer] [39m[32mMapped {/api/v1/mm/serial-numbers/:id, DELETE} route[39m[38;5;3m +0ms[39m
[32m[Nest] 21676  - [39m10/09/2026, 2:08:28 PM [32m    LOG[39m [38;5;3m[RoutesResolver] [39m[32mOrgController {/api/v1/mm/org}:[39m[38;5;3m +0ms[39m
[32m[Nest] 21676  - [39m10/09/2026, 2:08:28 PM [32m    LOG[39m [38;5;3m[RouterExplorer] [39m[32mMapped {/api/v1/mm/org/companies, GET} route[39m[38;5;3m +1ms[39m
[32m[Nest] 21676  - [39m10/09/2026, 2:08:28 PM [32m    LOG[39m [38;5;3m[RouterExplorer] [39m[32mMapped {/api/v1/mm/org/companies, POST} route[39m[38;5;3m +0ms[39m
[32m[Nest] 21676  - [39m10/09/2026, 2:08:28 PM [32m    LOG[39m [38;5;3m[RouterExplorer] [39m[32mMapped {/api/v1/mm/org/companies/:id, PUT} route[39m[38;5;3m +0ms[39m
[32m[Nest] 21676  - [39m10/09/2026, 2:08:28 PM [32m    LOG[39m [38;5;3m[RouterExplorer] [39m[32mMapped {/api/v1/mm/org/companies/:id, DELETE} route[39m[38;5;3m +0ms[39m
[32m[Nest] 21676  - [39m10/09/2026, 2:08:28 PM [32m    LOG[39m [38;5;3m[RouterExplorer] [39m[32mMapped {/api/v1/mm/org/warehouses, GET} route[39m[38;5;3m +1ms[39m
[32m[Nest] 21676  - [39m10/09/2026, 2:08:28 PM [32m    LOG[39m [38;5;3m[RouterExplorer] [39m[32mMapped {/api/v1/mm/org/branches, GET} route[39m[38;5;3m +0ms[39m
[32m[Nest] 21676  - [39m10/09/2026, 2:08:28 PM [32m    LOG[39m [38;5;3m[RouterExplorer] [39m[32mMapped {/api/v1/mm/org/branches, POST} route[39m[38;5;3m +0ms[39m
[32m[Nest] 21676  - [39m10/09/2026, 2:08:28 PM [32m    LOG[39m [38;5;3m[RouterExplorer] [39m[32mMapped {/api/v1/mm/org/branches/:id, PUT} route[39m[38;5;3m +0ms[39m
[32m[Nest] 21676  - [39m10/09/2026, 2:08:28 PM [32m    LOG[39m [38;5;3m[RouterExplorer] [39m[32mMapped {/api/v1/mm/org/branches/:id, DELETE} route[39m[38;5;3m +0ms[39m
[32m[Nest] 21676  - [39m10/09/2026, 2:08:28 PM [32m    LOG[39m [38;5;3m[RouterExplorer] [39m[32mMapped {/api/v1/mm/org/valuation-classes, GET} route[39m[38;5;3m +1ms[39m
[32m[Nest] 21676  - [39m10/09/2026, 2:08:28 PM [32m    LOG[39m [38;5;3m[RouterExplorer] [39m[32mMapped {/api/v1/mm/org/currencies, GET} route[39m[38;5;3m +0ms[39m
[32m[Nest] 21676  - [39m10/09/2026, 2:08:28 PM [32m    LOG[39m [38;5;3m[RoutesResolver] [39m[32mWarehouseController {/api/v1/mm/warehouses}:[39m[38;5;3m +0ms[39m
[32m[Nest] 21676  - [39m10/09/2026, 2:08:28 PM [32m    LOG[39m [38;5;3m[RouterExplorer] [39m[32mMapped {/api/v1/mm/warehouses, GET} route[39m[38;5;3m +0ms[39m
[32m[Nest] 21676  - [39m10/09/2026, 2:08:28 PM [32m    LOG[39m [38;5;3m[RouterExplorer] [39m[32mMapped {/api/v1/mm/warehouses/:id, GET} route[39m[38;5;3m +0ms[39m
[32m[Nest] 21676  - [39m10/09/2026, 2:08:28 PM [32m    LOG[39m [38;5;3m[RouterExplorer] [39m[32mMapped {/api/v1/mm/warehouses, POST} route[39m[38;5;3m +1ms[39m
[32m[Nest] 21676  - [39m10/09/2026, 2:08:28 PM [32m    LOG[39m [38;5;3m[RouterExplorer] [39m[32mMapped {/api/v1/mm/warehouses/:id, PUT} route[39m[38;5;3m +0ms[39m
[32m[Nest] 21676  - [39m10/09/2026, 2:08:28 PM [32m    LOG[39m [38;5;3m[RouterExplorer] [39m[32mMapped {/api/v1/mm/warehouses/:id/geocode/confirm, POST} route[39m[38;5;3m +0ms[39m
[32m[Nest] 21676  - [39m10/09/2026, 2:08:28 PM [32m    LOG[39m [38;5;3m[RouterExplorer] [39m[32mMapped {/api/v1/mm/warehouses/:id/activate, POST} route[39m[38;5;3m +0ms[39m
[32m[Nest] 21676  - [39m10/09/2026, 2:08:28 PM [32m    LOG[39m [38;5;3m[RouterExplorer] [39m[32mMapped {/api/v1/mm/warehouses/:id/deactivate, POST} route[39m[38;5;3m +0ms[39m
[32m[Nest] 21676  - [39m10/09/2026, 2:08:28 PM [32m    LOG[39m [38;5;3m[RouterExplorer] [39m[32mMapped {/api/v1/mm/warehouses/:id, DELETE} route[39m[38;5;3m +1ms[39m
[32m[Nest] 21676  - [39m10/09/2026, 2:08:28 PM [32m    LOG[39m [38;5;3m[RoutesResolver] [39m[32mStorageTypesController {/api/v1/mm/storage-types}:[39m[38;5;3m +0ms[39m
[32m[Nest] 21676  - [39m10/09/2026, 2:08:28 PM [32m    LOG[39m [38;5;3m[RouterExplorer] [39m[32mMapped {/api/v1/mm/storage-types, GET} route[39m[38;5;3m +0ms[39m
[32m[Nest] 21676  - [39m10/09/2026, 2:08:28 PM [32m    LOG[39m [38;5;3m[RouterExplorer] [39m[32mMapped {/api/v1/mm/storage-types/:id, GET} route[39m[38;5;3m +0ms[39m
[32m[Nest] 21676  - [39m10/09/2026, 2:08:28 PM [32m    LOG[39m [38;5;3m[RouterExplorer] [39m[32mMapped {/api/v1/mm/storage-types, POST} route[39m[38;5;3m +0ms[39m
[32m[Nest] 21676  - [39m10/09/2026, 2:08:28 PM [32m    LOG[39m [38;5;3m[RouterExplorer] [39m[32mMapped {/api/v1/mm/storage-types/:id, PUT} route[39m[38;5;3m +1ms[39m
[32m[Nest] 21676  - [39m10/09/2026, 2:08:28 PM [32m    LOG[39m [38;5;3m[RouterExplorer] [39m[32mMapped {/api/v1/mm/storage-types/:id, DELETE} route[39m[38;5;3m +0ms[39m
[32m[Nest] 21676  - [39m10/09/2026, 2:08:28 PM [32m    LOG[39m [38;5;3m[RoutesResolver] [39m[32mStorageSectionsController {/api/v1/mm/storage-sections}:[39m[38;5;3m +0ms[39m
[32m[Nest] 21676  - [39m10/09/2026, 2:08:28 PM [32m    LOG[39m [38;5;3m[RouterExplorer] [39m[32mMapped {/api/v1/mm/storage-sections, GET} route[39m[38;5;3m +0ms[39m
[32m[Nest] 21676  - [39m10/09/2026, 2:08:28 PM [32m    LOG[39m [38;5;3m[RouterExplorer] [39m[32mMapped {/api/v1/mm/storage-sections/:id, GET} route[39m[38;5;3m +0ms[39m
[32m[Nest] 21676  - [39m10/09/2026, 2:08:28 PM [32m    LOG[39m [38;5;3m[RouterExplorer] [39m[32mMapped {/api/v1/mm/storage-sections, POST} route[39m[38;5;3m +1ms[39m
[32m[Nest] 21676  - [39m10/09/2026, 2:08:28 PM [32m    LOG[39m [38;5;3m[RouterExplorer] [39m[32mMapped {/api/v1/mm/storage-sections/:id, PUT} route[39m[38;5;3m +0ms[39m
[32m[Nest] 21676  - [39m10/09/2026, 2:08:28 PM [32m    LOG[39m [38;5;3m[RouterExplorer] [39m[32mMapped {/api/v1/mm/storage-sections/:id, DELETE} route[39m[38;5;3m +0ms[39m
[32m[Nest] 21676  - [39m10/09/2026, 2:08:28 PM [32m    LOG[39m [38;5;3m[RoutesResolver] [39m[32mStorageBinsController {/api/v1/mm/storage-bins}:[39m[38;5;3m +0ms[39m
[32m[Nest] 21676  - [39m10/09/2026, 2:08:28 PM [32m    LOG[39m [38;5;3m[RouterExplorer] [39m[32mMapped {/api/v1/mm/storage-bins/capacity/summary, GET} route[39m[38;5;3m +0ms[39m
[32m[Nest] 21676  - [39m10/09/2026, 2:08:28 PM [32m    LOG[39m [38;5;3m[RouterExplorer] [39m[32mMapped {/api/v1/mm/storage-bins/capacity/details, GET} route[39m[38;5;3m +1ms[39m
[32m[Nest] 21676  - [39m10/09/2026, 2:08:28 PM [32m    LOG[39m [38;5;3m[RouterExplorer] [39m[32mMapped {/api/v1/mm/storage-bins, GET} route[39m[38;5;3m +0ms[39m
[32m[Nest] 21676  - [39m10/09/2026, 2:08:28 PM [32m    LOG[39m [38;5;3m[RouterExplorer] [39m[32mMapped {/api/v1/mm/storage-bins/:id, GET} route[39m[38;5;3m +0ms[39m
[32m[Nest] 21676  - [39m10/09/2026, 2:08:28 PM [32m    LOG[39m [38;5;3m[RouterExplorer] [39m[32mMapped {/api/v1/mm/storage-bins, POST} route[39m[38;5;3m +0ms[39m
[32m[Nest] 21676  - [39m10/09/2026, 2:08:28 PM [32m    LOG[39m [38;5;3m[RouterExplorer] [39m[32mMapped {/api/v1/mm/storage-bins/:id, PUT} route[39m[38;5;3m +1ms[39m
[32m[Nest] 21676  - [39m10/09/2026, 2:08:28 PM [32m    LOG[39m [38;5;3m[RouterExplorer] [39m[32mMapped {/api/v1/mm/storage-bins/:id, DELETE} route[39m[38;5;3m +0ms[39m
[32m[Nest] 21676  - [39m10/09/2026, 2:08:28 PM [32m    LOG[39m [38;5;3m[RoutesResolver] [39m[32mInventoryBalanceController {/api/v1/mm/inventory-balance}:[39m[38;5;3m +0ms[39m
[32m[Nest] 21676  - [39m10/09/2026, 2:08:28 PM [32m    LOG[39m [38;5;3m[RouterExplorer] [39m[32mMapped {/api/v1/mm/inventory-balance, GET} route[39m[38;5;3m +0ms[39m
[32m[Nest] 21676  - [39m10/09/2026, 2:08:28 PM [32m    LOG[39m [38;5;3m[RoutesResolver] [39m[32mPickingController {/api/v1/mm/picking}:[39m[38;5;3m +0ms[39m
[32m[Nest] 21676  - [39m10/09/2026, 2:08:28 PM [32m    LOG[39m [38;5;3m[RouterExplorer] [39m[32mMapped {/api/v1/mm/picking, GET} route[39m[38;5;3m +0ms[39m
[32m[Nest] 21676  - [39m10/09/2026, 2:08:28 PM [32m    LOG[39m [38;5;3m[RouterExplorer] [39m[32mMapped {/api/v1/mm/picking/:id, GET} route[39m[38;5;3m +1ms[39m
[32m[Nest] 21676  - [39m10/09/2026, 2:08:28 PM [32m    LOG[39m [38;5;3m[RouterExplorer] [39m[32mMapped {/api/v1/mm/picking, POST} route[39m[38;5;3m +0ms[39m
[32m[Nest] 21676  - [39m10/09/2026, 2:08:28 PM [32m    LOG[39m [38;5;3m[RouterExplorer] [39m[32mMapped {/api/v1/mm/picking/from-reservation/:reservationId, POST} route[39m[38;5;3m +0ms[39m
[32m[Nest] 21676  - [39m10/09/2026, 2:08:28 PM [32m    LOG[39m [38;5;3m[RouterExplorer] [39m[32mMapped {/api/v1/mm/picking/:id/assign, POST} route[39m[38;5;3m +0ms[39m
[32m[Nest] 21676  - [39m10/09/2026, 2:08:28 PM [32m    LOG[39m [38;5;3m[RouterExplorer] [39m[32mMapped {/api/v1/mm/picking/:id/confirm, POST} route[39m[38;5;3m +0ms[39m
[32m[Nest] 21676  - [39m10/09/2026, 2:08:28 PM [32m    LOG[39m [38;5;3m[RouterExplorer] [39m[32mMapped {/api/v1/mm/picking/:id/cancel, POST} route[39m[38;5;3m +1ms[39m
[32m[Nest] 21676  - [39m10/09/2026, 2:08:28 PM [32m    LOG[39m [38;5;3m[RoutesResolver] [39m[32mPickWaveController {/api/v1/mm/pick-waves}:[39m[38;5;3m +0ms[39m
[32m[Nest] 21676  - [39m10/09/2026, 2:08:28 PM [32m    LOG[39m [38;5;3m[RouterExplorer] [39m[32mMapped {/api/v1/mm/pick-waves, GET} route[39m[38;5;3m +0ms[39m
[32m[Nest] 21676  - [39m10/09/2026, 2:08:28 PM [32m    LOG[39m [38;5;3m[RouterExplorer] [39m[32mMapped {/api/v1/mm/pick-waves/:id, GET} route[39m[38;5;3m +0ms[39m
[32m[Nest] 21676  - [39m10/09/2026, 2:08:28 PM [32m    LOG[39m [38;5;3m[RouterExplorer] [39m[32mMapped {/api/v1/mm/pick-waves, POST} route[39m[38;5;3m +0ms[39m
[32m[Nest] 21676  - [39m10/09/2026, 2:08:28 PM [32m    LOG[39m [38;5;3m[RouterExplorer] [39m[32mMapped {/api/v1/mm/pick-waves/:id/optimize, POST} route[39m[38;5;3m +0ms[39m
[32m[Nest] 21676  - [39m10/09/2026, 2:08:28 PM [32m    LOG[39m [38;5;3m[RouterExplorer] [39m[32mMapped {/api/v1/mm/pick-waves/:id/start, POST} route[39m[38;5;3m +1ms[39m
[32m[Nest] 21676  - [39m10/09/2026, 2:08:28 PM [32m    LOG[39m [38;5;3m[RouterExplorer] [39m[32mMapped {/api/v1/mm/pick-waves/:id/complete, POST} route[39m[38;5;3m +0ms[39m
[32m[Nest] 21676  - [39m10/09/2026, 2:08:28 PM [32m    LOG[39m [38;5;3m[RouterExplorer] [39m[32mMapped {/api/v1/mm/pick-waves/:id/cancel, POST} route[39m[38;5;3m +0ms[39m
[32m[Nest] 21676  - [39m10/09/2026, 2:08:28 PM [32m    LOG[39m [38;5;3m[RoutesResolver] [39m[32mPackingController {/api/v1/mm/packages}:[39m[38;5;3m +0ms[39m
[32m[Nest] 21676  - [39m10/09/2026, 2:08:28 PM [32m    LOG[39m [38;5;3m[RouterExplorer] [39m[32mMapped {/api/v1/mm/packages, GET} route[39m[38;5;3m +0ms[39m
[32m[Nest] 21676  - [39m10/09/2026, 2:08:28 PM [32m    LOG[39m [38;5;3m[RouterExplorer] [39m[32mMapped {/api/v1/mm/packages/:id, GET} route[39m[38;5;3m +1ms[39m
[32m[Nest] 21676  - [39m10/09/2026, 2:08:28 PM [32m    LOG[39m [38;5;3m[RouterExplorer] [39m[32mMapped {/api/v1/mm/packages, POST} route[39m[38;5;3m +0ms[39m
[32m[Nest] 21676  - [39m10/09/2026, 2:08:28 PM [32m    LOG[39m [38;5;3m[RouterExplorer] [39m[32mMapped {/api/v1/mm/packages/from-picking/:pickingTaskId, POST} route[39m[38;5;3m +0ms[39m
[32m[Nest] 21676  - [39m10/09/2026, 2:08:28 PM [32m    LOG[39m [38;5;3m[RouterExplorer] [39m[32mMapped {/api/v1/mm/packages/:id/scan, POST} route[39m[38;5;3m +0ms[39m
[32m[Nest] 21676  - [39m10/09/2026, 2:08:28 PM [32m    LOG[39m [38;5;3m[RouterExplorer] [39m[32mMapped {/api/v1/mm/packages/:id/verify, POST} route[39m[38;5;3m +0ms[39m
[32m[Nest] 21676  - [39m10/09/2026, 2:08:28 PM [32m    LOG[39m [38;5;3m[RouterExplorer] [39m[32mMapped {/api/v1/mm/packages/:id/seal, POST} route[39m[38;5;3m +1ms[39m
[32m[Nest] 21676  - [39m10/09/2026, 2:08:28 PM [32m    LOG[39m [38;5;3m[RouterExplorer] [39m[32mMapped {/api/v1/mm/packages/:id/ready-for-dispatch, POST} route[39m[38;5;3m +0ms[39m
[32m[Nest] 21676  - [39m10/09/2026, 2:08:28 PM [32m    LOG[39m [38;5;3m[RouterExplorer] [39m[32mMapped {/api/v1/mm/packages/:id/retry-scm-release, POST} route[39m[38;5;3m +0ms[39m
[32m[Nest] 21676  - [39m10/09/2026, 2:08:28 PM [32m    LOG[39m [38;5;3m[RouterExplorer] [39m[32mMapped {/api/v1/mm/packages/:id/dispatch, POST} route[39m[38;5;3m +0ms[39m
[32m[Nest] 21676  - [39m10/09/2026, 2:08:28 PM [32m    LOG[39m [38;5;3m[RoutesResolver] [39m[32mPackingSessionController {/api/v1/mm/packing-sessions}:[39m[38;5;3m +0ms[39m
[32m[Nest] 21676  - [39m10/09/2026, 2:08:28 PM [32m    LOG[39m [38;5;3m[RouterExplorer] [39m[32mMapped {/api/v1/mm/packing-sessions, GET} route[39m[38;5;3m +1ms[39m
[32m[Nest] 21676  - [39m10/09/2026, 2:08:28 PM [32m    LOG[39m [38;5;3m[RouterExplorer] [39m[32mMapped {/api/v1/mm/packing-sessions/:id, GET} route[39m[38;5;3m +0ms[39m
[32m[Nest] 21676  - [39m10/09/2026, 2:08:28 PM [32m    LOG[39m [38;5;3m[RouterExplorer] [39m[32mMapped {/api/v1/mm/packing-sessions, POST} route[39m[38;5;3m +0ms[39m
[32m[Nest] 21676  - [39m10/09/2026, 2:08:28 PM [32m    LOG[39m [38;5;3m[RouterExplorer] [39m[32mMapped {/api/v1/mm/packing-sessions/from-picking/:pickingTaskId, POST} route[39m[38;5;3m +0ms[39m
[32m[Nest] 21676  - [39m10/09/2026, 2:08:28 PM [32m    LOG[39m [38;5;3m[RouterExplorer] [39m[32mMapped {/api/v1/mm/packing-sessions/:id/complete, POST} route[39m[38;5;3m +0ms[39m
[32m[Nest] 21676  - [39m10/09/2026, 2:08:28 PM [32m    LOG[39m [38;5;3m[RoutesResolver] [39m[32mWarehouseTaskController {/api/v1/mm/warehouse/tasks}:[39m[38;5;3m +0ms[39m
[32m[Nest] 21676  - [39m10/09/2026, 2:08:28 PM [32m    LOG[39m [38;5;3m[RouterExplorer] [39m[32mMapped {/api/v1/mm/warehouse/tasks, POST} route[39m[38;5;3m +1ms[39m
[32m[Nest] 21676  - [39m10/09/2026, 2:08:28 PM [32m    LOG[39m [38;5;3m[RouterExplorer] [39m[32mMapped {/api/v1/mm/warehouse/tasks, GET} route[39m[38;5;3m +0ms[39m
[32m[Nest] 21676  - [39m10/09/2026, 2:08:28 PM [32m    LOG[39m [38;5;3m[RouterExplorer] [39m[32mMapped {/api/v1/mm/warehouse/tasks/my, GET} route[39m[38;5;3m +0ms[39m
[32m[Nest] 21676  - [39m10/09/2026, 2:08:28 PM [32m    LOG[39m [38;5;3m[RouterExplorer] [39m[32mMapped {/api/v1/mm/warehouse/tasks/:id, GET} route[39m[38;5;3m +0ms[39m
[32m[Nest] 21676  - [39m10/09/2026, 2:08:28 PM [32m    LOG[39m [38;5;3m[RouterExplorer] [39m[32mMapped {/api/v1/mm/warehouse/tasks/:id/assign, POST} route[39m[38;5;3m +1ms[39m
[32m[Nest] 21676  - [39m10/09/2026, 2:08:28 PM [32m    LOG[39m [38;5;3m[RouterExplorer] [39m[32mMapped {/api/v1/mm/warehouse/tasks/:id/reassign, POST} route[39m[38;5;3m +0ms[39m
[32m[Nest] 21676  - [39m10/09/2026, 2:08:28 PM [32m    LOG[39m [38;5;3m[RouterExplorer] [39m[32mMapped {/api/v1/mm/warehouse/tasks/:id/start, POST} route[39m[38;5;3m +0ms[39m
[32m[Nest] 21676  - [39m10/09/2026, 2:08:28 PM [32m    LOG[39m [38;5;3m[RouterExplorer] [39m[32mMapped {/api/v1/mm/warehouse/tasks/:id/complete, POST} route[39m[38;5;3m +0ms[39m
[32m[Nest] 21676  - [39m10/09/2026, 2:08:28 PM [32m    LOG[39m [38;5;3m[RouterExplorer] [39m[32mMapped {/api/v1/mm/warehouse/tasks/:id/cancel, POST} route[39m[38;5;3m +0ms[39m
[32m[Nest] 21676  - [39m10/09/2026, 2:08:28 PM [32m    LOG[39m [38;5;3m[RouterExplorer] [39m[32mMapped {/api/v1/mm/warehouse/tasks/:id/exception, POST} route[39m[38;5;3m +1ms[39m
[32m[Nest] 21676  - [39m10/09/2026, 2:08:28 PM [32m    LOG[39m [38;5;3m[RouterExplorer] [39m[32mMapped {/api/v1/mm/warehouse/tasks/:id/exception/release, POST} route[39m[38;5;3m +0ms[39m
[32m[Nest] 21676  - [39m10/09/2026, 2:08:28 PM [32m    LOG[39m [38;5;3m[RoutesResolver] [39m[32mTransfersController {/api/v1/mm/warehouse-transfers}:[39m[38;5;3m +0ms[39m
[32m[Nest] 21676  - [39m10/09/2026, 2:08:28 PM [32m    LOG[39m [38;5;3m[RouterExplorer] [39m[32mMapped {/api/v1/mm/warehouse-transfers, GET} route[39m[38;5;3m +0ms[39m
[32m[Nest] 21676  - [39m10/09/2026, 2:08:28 PM [32m    LOG[39m [38;5;3m[RouterExplorer] [39m[32mMapped {/api/v1/mm/warehouse-transfers/:id, GET} route[39m[38;5;3m +0ms[39m
[32m[Nest] 21676  - [39m10/09/2026, 2:08:28 PM [32m    LOG[39m [38;5;3m[RouterExplorer] [39m[32mMapped {/api/v1/mm/warehouse-transfers, POST} route[39m[38;5;3m +0ms[39m
[32m[Nest] 21676  - [39m10/09/2026, 2:08:28 PM [32m    LOG[39m [38;5;3m[RouterExplorer] [39m[32mMapped {/api/v1/mm/warehouse-transfers/:id/approve, POST} route[39m[38;5;3m +1ms[39m
[32m[Nest] 21676  - [39m10/09/2026, 2:08:28 PM [32m    LOG[39m [38;5;3m[RouterExplorer] [39m[32mMapped {/api/v1/mm/warehouse-transfers/:id/pick, POST} route[39m[38;5;3m +0ms[39m
[32m[Nest] 21676  - [39m10/09/2026, 2:08:28 PM [32m    LOG[39m [38;5;3m[RouterExplorer] [39m[32mMapped {/api/v1/mm/warehouse-transfers/:id/dispatch, POST} route[39m[38;5;3m +0ms[39m
[32m[Nest] 21676  - [39m10/09/2026, 2:08:28 PM [32m    LOG[39m [38;5;3m[RouterExplorer] [39m[32mMapped {/api/v1/mm/warehouse-transfers/:id/receive, POST} route[39m[38;5;3m +0ms[39m
[32m[Nest] 21676  - [39m10/09/2026, 2:08:28 PM [32m    LOG[39m [38;5;3m[RouterExplorer] [39m[32mMapped {/api/v1/mm/warehouse-transfers/:id/complete, POST} route[39m[38;5;3m +0ms[39m
[32m[Nest] 21676  - [39m10/09/2026, 2:08:28 PM [32m    LOG[39m [38;5;3m[RouterExplorer] [39m[32mMapped {/api/v1/mm/warehouse-transfers/:id/cancel, POST} route[39m[38;5;3m +0ms[39m
[32m[Nest] 21676  - [39m10/09/2026, 2:08:28 PM [32m    LOG[39m [38;5;3m[RoutesResolver] [39m[32mInventoryController {/api/v1/mm/inventory}:[39m[38;5;3m +0ms[39m
[32m[Nest] 21676  - [39m10/09/2026, 2:08:28 PM [32m    LOG[39m [38;5;3m[RouterExplorer] [39m[32mMapped {/api/v1/mm/inventory/balance, GET} route[39m[38;5;3m +1ms[39m
[32m[Nest] 21676  - [39m10/09/2026, 2:08:28 PM [32m    LOG[39m [38;5;3m[RouterExplorer] [39m[32mMapped {/api/v1/mm/inventory/balance/summary, GET} route[39m[38;5;3m +0ms[39m
[32m[Nest] 21676  - [39m10/09/2026, 2:08:28 PM [32m    LOG[39m [38;5;3m[RouterExplorer] [39m[32mMapped {/api/v1/mm/inventory/balances, GET} route[39m[38;5;3m +0ms[39m
[32m[Nest] 21676  - [39m10/09/2026, 2:08:28 PM [32m    LOG[39m [38;5;3m[RouterExplorer] [39m[32mMapped {/api/v1/mm/inventory/available, GET} route[39m[38;5;3m +0ms[39m
[32m[Nest] 21676  - [39m10/09/2026, 2:08:28 PM [32m    LOG[39m [38;5;3m[RouterExplorer] [39m[32mMapped {/api/v1/mm/inventory/ledger, GET} route[39m[38;5;3m +1ms[39m
[32m[Nest] 21676  - [39m10/09/2026, 2:08:28 PM [32m    LOG[39m [38;5;3m[RouterExplorer] [39m[32mMapped {/api/v1/mm/inventory/transactions, GET} route[39m[38;5;3m +0ms[39m
[32m[Nest] 21676  - [39m10/09/2026, 2:08:28 PM [32m    LOG[39m [38;5;3m[RouterExplorer] [39m[32mMapped {/api/v1/mm/inventory/traceability, GET} route[39m[38;5;3m +0ms[39m
[32m[Nest] 21676  - [39m10/09/2026, 2:08:28 PM [32m    LOG[39m [38;5;3m[RouterExplorer] [39m[32mMapped {/api/v1/mm/inventory/stock-statuses, GET} route[39m[38;5;3m +0ms[39m
[32m[Nest] 21676  - [39m10/09/2026, 2:08:28 PM [32m    LOG[39m [38;5;3m[RouterExplorer] [39m[32mMapped {/api/v1/mm/inventory/materials/:materialId, GET} route[39m[38;5;3m +1ms[39m
[32m[Nest] 21676  - [39m10/09/2026, 2:08:28 PM [32m    LOG[39m [38;5;3m[RouterExplorer] [39m[32mMapped {/api/v1/mm/inventory/warehouses/:warehouseId, GET} route[39m[38;5;3m +0ms[39m
[32m[Nest] 21676  - [39m10/09/2026, 2:08:28 PM [32m    LOG[39m [38;5;3m[RouterExplorer] [39m[32mMapped {/api/v1/mm/inventory/receipts, POST} route[39m[38;5;3m +0ms[39m
[32m[Nest] 21676  - [39m10/09/2026, 2:08:28 PM [32m    LOG[39m [38;5;3m[RouterExplorer] [39m[32mMapped {/api/v1/mm/inventory/issues, POST} route[39m[38;5;3m +0ms[39m
[32m[Nest] 21676  - [39m10/09/2026, 2:08:28 PM [32m    LOG[39m [38;5;3m[RouterExplorer] [39m[32mMapped {/api/v1/mm/inventory/transfers, POST} route[39m[38;5;3m +1ms[39m
[32m[Nest] 21676  - [39m10/09/2026, 2:08:28 PM [32m    LOG[39m [38;5;3m[RouterExplorer] [39m[32mMapped {/api/v1/mm/inventory/adjustments, POST} route[39m[38;5;3m +0ms[39m
[32m[Nest] 21676  - [39m10/09/2026, 2:08:28 PM [32m    LOG[39m [38;5;3m[RouterExplorer] [39m[32mMapped {/api/v1/mm/inventory/status-changes, POST} route[39m[38;5;3m +0ms[39m
[32m[Nest] 21676  - [39m10/09/2026, 2:08:28 PM [32m    LOG[39m [38;5;3m[RouterExplorer] [39m[32mMapped {/api/v1/mm/inventory/reversals, POST} route[39m[38;5;3m +1ms[39m
[32m[Nest] 21676  - [39m10/09/2026, 2:08:28 PM [32m    LOG[39m [38;5;3m[RouterExplorer] [39m[32mMapped {/api/v1/mm/inventory/post, POST} route[39m[38;5;3m +0ms[39m
[32m[Nest] 21676  - [39m10/09/2026, 2:08:28 PM [32m    LOG[39m [38;5;3m[RouterExplorer] [39m[32mMapped {/api/v1/mm/inventory/:transactionId/reverse, POST} route[39m[38;5;3m +0ms[39m
[32m[Nest] 21676  - [39m10/09/2026, 2:08:28 PM [32m    LOG[39m [38;5;3m[RoutesResolver] [39m[32mReservationAllocationController {/api/v1/mm/inventory}:[39m[38;5;3m +0ms[39m
[32m[Nest] 21676  - [39m10/09/2026, 2:08:28 PM [32m    LOG[39m [38;5;3m[RouterExplorer] [39m[32mMapped {/api/v1/mm/inventory/availability, GET} route[39m[38;5;3m +1ms[39m
[32m[Nest] 21676  - [39m10/09/2026, 2:08:28 PM [32m    LOG[39m [38;5;3m[RouterExplorer] [39m[32mMapped {/api/v1/mm/inventory/reservations, GET} route[39m[38;5;3m +0ms[39m
[32m[Nest] 21676  - [39m10/09/2026, 2:08:28 PM [32m    LOG[39m [38;5;3m[RouterExplorer] [39m[32mMapped {/api/v1/mm/inventory/reservations/:id, GET} route[39m[38;5;3m +1ms[39m
[32m[Nest] 21676  - [39m10/09/2026, 2:08:28 PM [32m    LOG[39m [38;5;3m[RouterExplorer] [39m[32mMapped {/api/v1/mm/inventory/reservations, POST} route[39m[38;5;3m +0ms[39m
[32m[Nest] 21676  - [39m10/09/2026, 2:08:28 PM [32m    LOG[39m [38;5;3m[RouterExplorer] [39m[32mMapped {/api/v1/mm/inventory/reservations/:id/release, POST} route[39m[38;5;3m +0ms[39m
[32m[Nest] 21676  - [39m10/09/2026, 2:08:28 PM [32m    LOG[39m [38;5;3m[RouterExplorer] [39m[32mMapped {/api/v1/mm/inventory/reservations/:id/cancel, POST} route[39m[38;5;3m +1ms[39m
[32m[Nest] 21676  - [39m10/09/2026, 2:08:28 PM [32m    LOG[39m [38;5;3m[RouterExplorer] [39m[32mMapped {/api/v1/mm/inventory/reservations/:id/allocate, POST} route[39m[38;5;3m +0ms[39m
[32m[Nest] 21676  - [39m10/09/2026, 2:08:28 PM [32m    LOG[39m [38;5;3m[RouterExplorer] [39m[32mMapped {/api/v1/mm/inventory/allocations, GET} route[39m[38;5;3m +0ms[39m
[32m[Nest] 21676  - [39m10/09/2026, 2:08:28 PM [32m    LOG[39m [38;5;3m[RouterExplorer] [39m[32mMapped {/api/v1/mm/inventory/allocations/:id, GET} route[39m[38;5;3m +1ms[39m
[32m[Nest] 21676  - [39m10/09/2026, 2:08:28 PM [32m    LOG[39m [38;5;3m[RouterExplorer] [39m[32mMapped {/api/v1/mm/inventory/allocations, POST} route[39m[38;5;3m +0ms[39m
[32m[Nest] 21676  - [39m10/09/2026, 2:08:28 PM [32m    LOG[39m [38;5;3m[RouterExplorer] [39m[32mMapped {/api/v1/mm/inventory/allocations/:id/release, POST} route[39m[38;5;3m +0ms[39m
[32m[Nest] 21676  - [39m10/09/2026, 2:08:28 PM [32m    LOG[39m [38;5;3m[RoutesResolver] [39m[32mGoodsReceiptController {/api/v1/mm/goods-receipts}:[39m[38;5;3m +0ms[39m
[32m[Nest] 21676  - [39m10/09/2026, 2:08:28 PM [32m    LOG[39m [38;5;3m[RouterExplorer] [39m[32mMapped {/api/v1/mm/goods-receipts, POST} route[39m[38;5;3m +0ms[39m
[32m[Nest] 21676  - [39m10/09/2026, 2:08:28 PM [32m    LOG[39m [38;5;3m[RouterExplorer] [39m[32mMapped {/api/v1/mm/goods-receipts/:id/post, POST} route[39m[38;5;3m +0ms[39m
[32m[Nest] 21676  - [39m10/09/2026, 2:08:28 PM [32m    LOG[39m [38;5;3m[RouterExplorer] [39m[32mMapped {/api/v1/mm/goods-receipts/:id/cancel, POST} route[39m[38;5;3m +0ms[39m
[32m[Nest] 21676  - [39m10/09/2026, 2:08:28 PM [32m    LOG[39m [38;5;3m[RouterExplorer] [39m[32mMapped {/api/v1/mm/goods-receipts/:id/reverse, POST} route[39m[38;5;3m +1ms[39m
[32m[Nest] 21676  - [39m10/09/2026, 2:08:28 PM [32m    LOG[39m [38;5;3m[RouterExplorer] [39m[32mMapped {/api/v1/mm/goods-receipts, GET} route[39m[38;5;3m +0ms[39m
[32m[Nest] 21676  - [39m10/09/2026, 2:08:28 PM [32m    LOG[39m [38;5;3m[RouterExplorer] [39m[32mMapped {/api/v1/mm/goods-receipts/:id, GET} route[39m[38;5;3m +0ms[39m
[32m[Nest] 21676  - [39m10/09/2026, 2:08:28 PM [32m    LOG[39m [38;5;3m[RoutesResolver] [39m[32mGoodsIssueController {/api/v1/mm/goods-issues}:[39m[38;5;3m +0ms[39m
[32m[Nest] 21676  - [39m10/09/2026, 2:08:28 PM [32m    LOG[39m [38;5;3m[RouterExplorer] [39m[32mMapped {/api/v1/mm/goods-issues, POST} route[39m[38;5;3m +0ms[39m
[32m[Nest] 21676  - [39m10/09/2026, 2:08:28 PM [32m    LOG[39m [38;5;3m[RouterExplorer] [39m[32mMapped {/api/v1/mm/goods-issues/from-package/:packageId, POST} route[39m[38;5;3m +0ms[39m
[32m[Nest] 21676  - [39m10/09/2026, 2:08:28 PM [32m    LOG[39m [38;5;3m[RouterExplorer] [39m[32mMapped {/api/v1/mm/goods-issues/:id/post, POST} route[39m[38;5;3m +1ms[39m
[32m[Nest] 21676  - [39m10/09/2026, 2:08:28 PM [32m    LOG[39m [38;5;3m[RouterExplorer] [39m[32mMapped {/api/v1/mm/goods-issues/:id/cancel, POST} route[39m[38;5;3m +0ms[39m
[32m[Nest] 21676  - [39m10/09/2026, 2:08:28 PM [32m    LOG[39m [38;5;3m[RouterExplorer] [39m[32mMapped {/api/v1/mm/goods-issues/:id/reverse, POST} route[39m[38;5;3m +0ms[39m
[32m[Nest] 21676  - [39m10/09/2026, 2:08:28 PM [32m    LOG[39m [38;5;3m[RouterExplorer] [39m[32mMapped {/api/v1/mm/goods-issues, GET} route[39m[38;5;3m +0ms[39m
[32m[Nest] 21676  - [39m10/09/2026, 2:08:28 PM [32m    LOG[39m [38;5;3m[RouterExplorer] [39m[32mMapped {/api/v1/mm/goods-issues/:id, GET} route[39m[38;5;3m +0ms[39m
[32m[Nest] 21676  - [39m10/09/2026, 2:08:28 PM [32m    LOG[39m [38;5;3m[RoutesResolver] [39m[32mBinTransferController {/api/v1/mm/bin-transfers}:[39m[38;5;3m +0ms[39m
[32m[Nest] 21676  - [39m10/09/2026, 2:08:28 PM [32m    LOG[39m [38;5;3m[RouterExplorer] [39m[32mMapped {/api/v1/mm/bin-transfers, POST} route[39m[38;5;3m +1ms[39m
[32m[Nest] 21676  - [39m10/09/2026, 2:08:28 PM [32m    LOG[39m [38;5;3m[RouterExplorer] [39m[32mMapped {/api/v1/mm/bin-transfers/:id/post, POST} route[39m[38;5;3m +0ms[39m
[32m[Nest] 21676  - [39m10/09/2026, 2:08:28 PM [32m    LOG[39m [38;5;3m[RouterExplorer] [39m[32mMapped {/api/v1/mm/bin-transfers/:id/cancel, POST} route[39m[38;5;3m +0ms[39m
[32m[Nest] 21676  - [39m10/09/2026, 2:08:28 PM [32m    LOG[39m [38;5;3m[RouterExplorer] [39m[32mMapped {/api/v1/mm/bin-transfers/:id/reverse, POST} route[39m[38;5;3m +0ms[39m
[32m[Nest] 21676  - [39m10/09/2026, 2:08:28 PM [32m    LOG[39m [38;5;3m[RouterExplorer] [39m[32mMapped {/api/v1/mm/bin-transfers, GET} route[39m[38;5;3m +0ms[39m
[32m[Nest] 21676  - [39m10/09/2026, 2:08:28 PM [32m    LOG[39m [38;5;3m[RouterExplorer] [39m[32mMapped {/api/v1/mm/bin-transfers/:id, GET} route[39m[38;5;3m +1ms[39m
[32m[Nest] 21676  - [39m10/09/2026, 2:08:28 PM [32m    LOG[39m [38;5;3m[RoutesResolver] [39m[32mWarehouseTransferOrderController {/api/v1/mm/warehouse-transfer-orders}:[39m[38;5;3m +0ms[39m
[32m[Nest] 21676  - [39m10/09/2026, 2:08:28 PM [32m    LOG[39m [38;5;3m[RouterExplorer] [39m[32mMapped {/api/v1/mm/warehouse-transfer-orders, POST} route[39m[38;5;3m +0ms[39m
[32m[Nest] 21676  - [39m10/09/2026, 2:08:28 PM [32m    LOG[39m [38;5;3m[RouterExplorer] [39m[32mMapped {/api/v1/mm/warehouse-transfer-orders/:id/approve, POST} route[39m[38;5;3m +0ms[39m
[32m[Nest] 21676  - [39m10/09/2026, 2:08:28 PM [32m    LOG[39m [38;5;3m[RouterExplorer] [39m[32mMapped {/api/v1/mm/warehouse-transfer-orders/:id/pick, POST} route[39m[38;5;3m +0ms[39m
[32m[Nest] 21676  - [39m10/09/2026, 2:08:28 PM [32m    LOG[39m [38;5;3m[RouterExplorer] [39m[32mMapped {/api/v1/mm/warehouse-transfer-orders/:id/dispatch, POST} route[39m[38;5;3m +0ms[39m
[32m[Nest] 21676  - [39m10/09/2026, 2:08:28 PM [32m    LOG[39m [38;5;3m[RouterExplorer] [39m[32mMapped {/api/v1/mm/warehouse-transfer-orders/:id/receive, POST} route[39m[38;5;3m +0ms[39m
[32m[Nest] 21676  - [39m10/09/2026, 2:08:28 PM [32m    LOG[39m [38;5;3m[RouterExplorer] [39m[32mMapped {/api/v1/mm/warehouse-transfer-orders/:id/complete, POST} route[39m[38;5;3m +1ms[39m
[32m[Nest] 21676  - [39m10/09/2026, 2:08:28 PM [32m    LOG[39m [38;5;3m[RouterExplorer] [39m[32mMapped {/api/v1/mm/warehouse-transfer-orders/:id/cancel, POST} route[39m[38;5;3m +0ms[39m
[32m[Nest] 21676  - [39m10/09/2026, 2:08:28 PM [32m    LOG[39m [38;5;3m[RouterExplorer] [39m[32mMapped {/api/v1/mm/warehouse-transfer-orders, GET} route[39m[38;5;3m +0ms[39m
[32m[Nest] 21676  - [39m10/09/2026, 2:08:28 PM [32m    LOG[39m [38;5;3m[RouterExplorer] [39m[32mMapped {/api/v1/mm/warehouse-transfer-orders/:id, GET} route[39m[38;5;3m +0ms[39m
[32m[Nest] 21676  - [39m10/09/2026, 2:08:28 PM [32m    LOG[39m [38;5;3m[RoutesResolver] [39m[32mStockTransferOrderController {/api/v1/mm/stock-transfer-orders}:[39m[38;5;3m +0ms[39m
[32m[Nest] 21676  - [39m10/09/2026, 2:08:28 PM [32m    LOG[39m [38;5;3m[RouterExplorer] [39m[32mMapped {/api/v1/mm/stock-transfer-orders, POST} route[39m[38;5;3m +0ms[39m
[32m[Nest] 21676  - [39m10/09/2026, 2:08:28 PM [32m    LOG[39m [38;5;3m[RouterExplorer] [39m[32mMapped {/api/v1/mm/stock-transfer-orders, GET} route[39m[38;5;3m +1ms[39m
[32m[Nest] 21676  - [39m10/09/2026, 2:08:28 PM [32m    LOG[39m [38;5;3m[RouterExplorer] [39m[32mMapped {/api/v1/mm/stock-transfer-orders/:id, GET} route[39m[38;5;3m +0ms[39m
[32m[Nest] 21676  - [39m10/09/2026, 2:08:28 PM [32m    LOG[39m [38;5;3m[RouterExplorer] [39m[32mMapped {/api/v1/mm/stock-transfer-orders/:id/submit, POST} route[39m[38;5;3m +0ms[39m
[32m[Nest] 21676  - [39m10/09/2026, 2:08:28 PM [32m    LOG[39m [38;5;3m[RouterExplorer] [39m[32mMapped {/api/v1/mm/stock-transfer-orders/:id/approve, POST} route[39m[38;5;3m +0ms[39m
[32m[Nest] 21676  - [39m10/09/2026, 2:08:28 PM [32m    LOG[39m [38;5;3m[RouterExplorer] [39m[32mMapped {/api/v1/mm/stock-transfer-orders/:id/allocate, POST} route[39m[38;5;3m +1ms[39m
[32m[Nest] 21676  - [39m10/09/2026, 2:08:28 PM [32m    LOG[39m [38;5;3m[RouterExplorer] [39m[32mMapped {/api/v1/mm/stock-transfer-orders/:id/dispatch, POST} route[39m[38;5;3m +0ms[39m
[32m[Nest] 21676  - [39m10/09/2026, 2:08:28 PM [32m    LOG[39m [38;5;3m[RouterExplorer] [39m[32mMapped {/api/v1/mm/stock-transfer-orders/:id/receive, POST} route[39m[38;5;3m +0ms[39m
[32m[Nest] 21676  - [39m10/09/2026, 2:08:28 PM [32m    LOG[39m [38;5;3m[RouterExplorer] [39m[32mMapped {/api/v1/mm/stock-transfer-orders/:id/cancel, POST} route[39m[38;5;3m +0ms[39m
[32m[Nest] 21676  - [39m10/09/2026, 2:08:28 PM [32m    LOG[39m [38;5;3m[RoutesResolver] [39m[32mAdjustmentController {/api/v1/mm/adjustments}:[39m[38;5;3m +0ms[39m
[32m[Nest] 21676  - [39m10/09/2026, 2:08:28 PM [32m    LOG[39m [38;5;3m[RouterExplorer] [39m[32mMapped {/api/v1/mm/adjustments, POST} route[39m[38;5;3m +0ms[39m
[32m[Nest] 21676  - [39m10/09/2026, 2:08:28 PM [32m    LOG[39m [38;5;3m[RouterExplorer] [39m[32mMapped {/api/v1/mm/adjustments/:id/submit, POST} route[39m[38;5;3m +0ms[39m
[32m[Nest] 21676  - [39m10/09/2026, 2:08:28 PM [32m    LOG[39m [38;5;3m[RouterExplorer] [39m[32mMapped {/api/v1/mm/adjustments/:id/approve, POST} route[39m[38;5;3m +1ms[39m
[32m[Nest] 21676  - [39m10/09/2026, 2:08:28 PM [32m    LOG[39m [38;5;3m[RouterExplorer] [39m[32mMapped {/api/v1/mm/adjustments/:id/reject, POST} route[39m[38;5;3m +0ms[39m
[32m[Nest] 21676  - [39m10/09/2026, 2:08:28 PM [32m    LOG[39m [38;5;3m[RouterExplorer] [39m[32mMapped {/api/v1/mm/adjustments/:id/cancel, POST} route[39m[38;5;3m +0ms[39m
[32m[Nest] 21676  - [39m10/09/2026, 2:08:28 PM [32m    LOG[39m [38;5;3m[RouterExplorer] [39m[32mMapped {/api/v1/mm/adjustments/:id/reverse, POST} route[39m[38;5;3m +0ms[39m
[32m[Nest] 21676  - [39m10/09/2026, 2:08:28 PM [32m    LOG[39m [38;5;3m[RouterExplorer] [39m[32mMapped {/api/v1/mm/adjustments, GET} route[39m[38;5;3m +0ms[39m
[32m[Nest] 21676  - [39m10/09/2026, 2:08:28 PM [32m    LOG[39m [38;5;3m[RouterExplorer] [39m[32mMapped {/api/v1/mm/adjustments/:id, GET} route[39m[38;5;3m +0ms[39m
[32m[Nest] 21676  - [39m10/09/2026, 2:08:28 PM [32m    LOG[39m [38;5;3m[RoutesResolver] [39m[32mSupplierController {/api/v1/mm/suppliers}:[39m[38;5;3m +0ms[39m
[32m[Nest] 21676  - [39m10/09/2026, 2:08:28 PM [32m    LOG[39m [38;5;3m[RouterExplorer] [39m[32mMapped {/api/v1/mm/suppliers, POST} route[39m[38;5;3m +1ms[39m
[32m[Nest] 21676  - [39m10/09/2026, 2:08:28 PM [32m    LOG[39m [38;5;3m[RouterExplorer] [39m[32mMapped {/api/v1/mm/suppliers, GET} route[39m[38;5;3m +0ms[39m
[32m[Nest] 21676  - [39m10/09/2026, 2:08:28 PM [32m    LOG[39m [38;5;3m[RouterExplorer] [39m[32mMapped {/api/v1/mm/suppliers/:id, GET} route[39m[38;5;3m +0ms[39m
[32m[Nest] 21676  - [39m10/09/2026, 2:08:28 PM [32m    LOG[39m [38;5;3m[RouterExplorer] [39m[32mMapped {/api/v1/mm/suppliers/:id, PUT} route[39m[38;5;3m +0ms[39m
[32m[Nest] 21676  - [39m10/09/2026, 2:08:28 PM [32m    LOG[39m [38;5;3m[RouterExplorer] [39m[32mMapped {/api/v1/mm/suppliers/:id/submit, POST} route[39m[38;5;3m +0ms[39m
[32m[Nest] 21676  - [39m10/09/2026, 2:08:28 PM [32m    LOG[39m [38;5;3m[RouterExplorer] [39m[32mMapped {/api/v1/mm/suppliers/:id/approve, POST} route[39m[38;5;3m +0ms[39m
[32m[Nest] 21676  - [39m10/09/2026, 2:08:28 PM [32m    LOG[39m [38;5;3m[RouterExplorer] [39m[32mMapped {/api/v1/mm/suppliers/:id/activate, POST} route[39m[38;5;3m +1ms[39m
[32m[Nest] 21676  - [39m10/09/2026, 2:08:28 PM [32m    LOG[39m [38;5;3m[RouterExplorer] [39m[32mMapped {/api/v1/mm/suppliers/:id/deactivate, POST} route[39m[38;5;3m +0ms[39m
[32m[Nest] 21676  - [39m10/09/2026, 2:08:28 PM [32m    LOG[39m [38;5;3m[RouterExplorer] [39m[32mMapped {/api/v1/mm/suppliers/:id/block, POST} route[39m[38;5;3m +0ms[39m
[32m[Nest] 21676  - [39m10/09/2026, 2:08:28 PM [32m    LOG[39m [38;5;3m[RouterExplorer] [39m[32mMapped {/api/v1/mm/suppliers/:id/unblock, POST} route[39m[38;5;3m +0ms[39m
[32m[Nest] 21676  - [39m10/09/2026, 2:08:28 PM [32m    LOG[39m [38;5;3m[RouterExplorer] [39m[32mMapped {/api/v1/mm/suppliers/:id, DELETE} route[39m[38;5;3m +0ms[39m
[32m[Nest] 21676  - [39m10/09/2026, 2:08:28 PM [32m    LOG[39m [38;5;3m[RouterExplorer] [39m[32mMapped {/api/v1/mm/suppliers/:id/audit, GET} route[39m[38;5;3m +0ms[39m
[32m[Nest] 21676  - [39m10/09/2026, 2:08:28 PM [32m    LOG[39m [38;5;3m[RouterExplorer] [39m[32mMapped {/api/v1/mm/suppliers/:id/documents, GET} route[39m[38;5;3m +1ms[39m
[32m[Nest] 21676  - [39m10/09/2026, 2:08:28 PM [32m    LOG[39m [38;5;3m[RouterExplorer] [39m[32mMapped {/api/v1/mm/suppliers/:id/documents/upload, POST} route[39m[38;5;3m +0ms[39m
[32m[Nest] 21676  - [39m10/09/2026, 2:08:28 PM [32m    LOG[39m [38;5;3m[RouterExplorer] [39m[32mMapped {/api/v1/mm/suppliers/:id/documents, POST} route[39m[38;5;3m +0ms[39m
[32m[Nest] 21676  - [39m10/09/2026, 2:08:28 PM [32m    LOG[39m [38;5;3m[RouterExplorer] [39m[32mMapped {/api/v1/mm/suppliers/:id/documents/:documentId/file, GET} route[39m[38;5;3m +1ms[39m
[32m[Nest] 21676  - [39m10/09/2026, 2:08:28 PM [32m    LOG[39m [38;5;3m[RouterExplorer] [39m[32mMapped {/api/v1/mm/suppliers/:id/documents/:documentId, DELETE} route[39m[38;5;3m +0ms[39m
[32m[Nest] 21676  - [39m10/09/2026, 2:08:28 PM [32m    LOG[39m [38;5;3m[RoutesResolver] [39m[32mSupplierBankController {/api/v1/mm/suppliers/:supplierId/bank-accounts}:[39m[38;5;3m +0ms[39m
[32m[Nest] 21676  - [39m10/09/2026, 2:08:28 PM [32m    LOG[39m [38;5;3m[RouterExplorer] [39m[32mMapped {/api/v1/mm/suppliers/:supplierId/bank-accounts, GET} route[39m[38;5;3m +1ms[39m
[32m[Nest] 21676  - [39m10/09/2026, 2:08:28 PM [32m    LOG[39m [38;5;3m[RouterExplorer] [39m[32mMapped {/api/v1/mm/suppliers/:supplierId/bank-accounts, POST} route[39m[38;5;3m +0ms[39m
[32m[Nest] 21676  - [39m10/09/2026, 2:08:28 PM [32m    LOG[39m [38;5;3m[RouterExplorer] [39m[32mMapped {/api/v1/mm/suppliers/:supplierId/bank-accounts/:id/reveal, GET} route[39m[38;5;3m +0ms[39m
[32m[Nest] 21676  - [39m10/09/2026, 2:08:28 PM [32m    LOG[39m [38;5;3m[RouterExplorer] [39m[32mMapped {/api/v1/mm/suppliers/:supplierId/bank-accounts/:id, PUT} route[39m[38;5;3m +1ms[39m
[32m[Nest] 21676  - [39m10/09/2026, 2:08:28 PM [32m    LOG[39m [38;5;3m[RouterExplorer] [39m[32mMapped {/api/v1/mm/suppliers/:supplierId/bank-accounts/:id, DELETE} route[39m[38;5;3m +0ms[39m
[32m[Nest] 21676  - [39m10/09/2026, 2:08:28 PM [32m    LOG[39m [38;5;3m[RoutesResolver] [39m[32mSupplierMaterialController {/api/v1/mm/supplier-materials}:[39m[38;5;3m +0ms[39m
[32m[Nest] 21676  - [39m10/09/2026, 2:08:28 PM [32m    LOG[39m [38;5;3m[RouterExplorer] [39m[32mMapped {/api/v1/mm/supplier-materials, POST} route[39m[38;5;3m +0ms[39m
[32m[Nest] 21676  - [39m10/09/2026, 2:08:28 PM [32m    LOG[39m [38;5;3m[RouterExplorer] [39m[32mMapped {/api/v1/mm/supplier-materials, GET} route[39m[38;5;3m +1ms[39m
[32m[Nest] 21676  - [39m10/09/2026, 2:08:28 PM [32m    LOG[39m [38;5;3m[RouterExplorer] [39m[32mMapped {/api/v1/mm/supplier-materials/:id, GET} route[39m[38;5;3m +0ms[39m
[32m[Nest] 21676  - [39m10/09/2026, 2:08:28 PM [32m    LOG[39m [38;5;3m[RouterExplorer] [39m[32mMapped {/api/v1/mm/supplier-materials/:id, PUT} route[39m[38;5;3m +0ms[39m
[32m[Nest] 21676  - [39m10/09/2026, 2:08:28 PM [32m    LOG[39m [38;5;3m[RouterExplorer] [39m[32mMapped {/api/v1/mm/supplier-materials/:id/deactivate, POST} route[39m[38;5;3m +0ms[39m
[32m[Nest] 21676  - [39m10/09/2026, 2:08:28 PM [32m    LOG[39m [38;5;3m[RouterExplorer] [39m[32mMapped {/api/v1/mm/supplier-materials/:id, DELETE} route[39m[38;5;3m +0ms[39m
[32m[Nest] 21676  - [39m10/09/2026, 2:08:28 PM [32m    LOG[39m [38;5;3m[RoutesResolver] [39m[32mSupplierPricingController {/api/v1/mm/supplier-prices}:[39m[38;5;3m +0ms[39m
[32m[Nest] 21676  - [39m10/09/2026, 2:08:28 PM [32m    LOG[39m [38;5;3m[RouterExplorer] [39m[32mMapped {/api/v1/mm/supplier-prices, GET} route[39m[38;5;3m +1ms[39m
[32m[Nest] 21676  - [39m10/09/2026, 2:08:28 PM [32m    LOG[39m [38;5;3m[RouterExplorer] [39m[32mMapped {/api/v1/mm/supplier-prices/resolve, GET} route[39m[38;5;3m +0ms[39m
[32m[Nest] 21676  - [39m10/09/2026, 2:08:28 PM [32m    LOG[39m [38;5;3m[RouterExplorer] [39m[32mMapped {/api/v1/mm/supplier-prices/:id, GET} route[39m[38;5;3m +0ms[39m
[32m[Nest] 21676  - [39m10/09/2026, 2:08:28 PM [32m    LOG[39m [38;5;3m[RouterExplorer] [39m[32mMapped {/api/v1/mm/supplier-prices, POST} route[39m[38;5;3m +0ms[39m
[32m[Nest] 21676  - [39m10/09/2026, 2:08:28 PM [32m    LOG[39m [38;5;3m[RouterExplorer] [39m[32mMapped {/api/v1/mm/supplier-prices/:id, PUT} route[39m[38;5;3m +1ms[39m
[32m[Nest] 21676  - [39m10/09/2026, 2:08:28 PM [32m    LOG[39m [38;5;3m[RouterExplorer] [39m[32mMapped {/api/v1/mm/supplier-prices/:id, DELETE} route[39m[38;5;3m +0ms[39m
[32m[Nest] 21676  - [39m10/09/2026, 2:08:28 PM [32m    LOG[39m [38;5;3m[RoutesResolver] [39m[32mPaymentTermsController {/api/v1/mm/payment-terms}:[39m[38;5;3m +0ms[39m
[32m[Nest] 21676  - [39m10/09/2026, 2:08:28 PM [32m    LOG[39m [38;5;3m[RouterExplorer] [39m[32mMapped {/api/v1/mm/payment-terms, POST} route[39m[38;5;3m +0ms[39m
[32m[Nest] 21676  - [39m10/09/2026, 2:08:28 PM [32m    LOG[39m [38;5;3m[RouterExplorer] [39m[32mMapped {/api/v1/mm/payment-terms, GET} route[39m[38;5;3m +0ms[39m
[32m[Nest] 21676  - [39m10/09/2026, 2:08:28 PM [32m    LOG[39m [38;5;3m[RouterExplorer] [39m[32mMapped {/api/v1/mm/payment-terms/:id, GET} route[39m[38;5;3m +1ms[39m
[32m[Nest] 21676  - [39m10/09/2026, 2:08:28 PM [32m    LOG[39m [38;5;3m[RouterExplorer] [39m[32mMapped {/api/v1/mm/payment-terms/:id, PUT} route[39m[38;5;3m +0ms[39m
[32m[Nest] 21676  - [39m10/09/2026, 2:08:28 PM [32m    LOG[39m [38;5;3m[RouterExplorer] [39m[32mMapped {/api/v1/mm/payment-terms/:id, DELETE} route[39m[38;5;3m +0ms[39m
[32m[Nest] 21676  - [39m10/09/2026, 2:08:28 PM [32m    LOG[39m [38;5;3m[RoutesResolver] [39m[32mSupplierCategoryController {/api/v1/mm/supplier-categories}:[39m[38;5;3m +0ms[39m
[32m[Nest] 21676  - [39m10/09/2026, 2:08:28 PM [32m    LOG[39m [38;5;3m[RouterExplorer] [39m[32mMapped {/api/v1/mm/supplier-categories, POST} route[39m[38;5;3m +0ms[39m
[32m[Nest] 21676  - [39m10/09/2026, 2:08:28 PM [32m    LOG[39m [38;5;3m[RouterExplorer] [39m[32mMapped {/api/v1/mm/supplier-categories, GET} route[39m[38;5;3m +0ms[39m
[32m[Nest] 21676  - [39m10/09/2026, 2:08:28 PM [32m    LOG[39m [38;5;3m[RouterExplorer] [39m[32mMapped {/api/v1/mm/supplier-categories/:id, GET} route[39m[38;5;3m +0ms[39m
[32m[Nest] 21676  - [39m10/09/2026, 2:08:28 PM [32m    LOG[39m [38;5;3m[RouterExplorer] [39m[32mMapped {/api/v1/mm/supplier-categories/:id, PUT} route[39m[38;5;3m +1ms[39m
[32m[Nest] 21676  - [39m10/09/2026, 2:08:28 PM [32m    LOG[39m [38;5;3m[RouterExplorer] [39m[32mMapped {/api/v1/mm/supplier-categories/:id, DELETE} route[39m[38;5;3m +0ms[39m
[32m[Nest] 21676  - [39m10/09/2026, 2:08:28 PM [32m    LOG[39m [38;5;3m[RoutesResolver] [39m[32mWorkflowController {/api/v1/mm/workflows}:[39m[38;5;3m +0ms[39m
[32m[Nest] 21676  - [39m10/09/2026, 2:08:28 PM [32m    LOG[39m [38;5;3m[RouterExplorer] [39m[32mMapped {/api/v1/mm/workflows, GET} route[39m[38;5;3m +1ms[39m
[32m[Nest] 21676  - [39m10/09/2026, 2:08:28 PM [32m    LOG[39m [38;5;3m[RouterExplorer] [39m[32mMapped {/api/v1/mm/workflows/instances/:entityType/:entityId, GET} route[39m[38;5;3m +0ms[39m
[32m[Nest] 21676  - [39m10/09/2026, 2:08:28 PM [32m    LOG[39m [38;5;3m[RouterExplorer] [39m[32mMapped {/api/v1/mm/workflows/tasks/:id/decide, POST} route[39m[38;5;3m +0ms[39m
[32m[Nest] 21676  - [39m10/09/2026, 2:08:28 PM [32m    LOG[39m [38;5;3m[RoutesResolver] [39m[32mPurchaseRequisitionController {/api/v1/mm/purchase-requisitions}:[39m[38;5;3m +0ms[39m
[32m[Nest] 21676  - [39m10/09/2026, 2:08:28 PM [32m    LOG[39m [38;5;3m[RouterExplorer] [39m[32mMapped {/api/v1/mm/purchase-requisitions, POST} route[39m[38;5;3m +1ms[39m
[32m[Nest] 21676  - [39m10/09/2026, 2:08:28 PM [32m    LOG[39m [38;5;3m[RouterExplorer] [39m[32mMapped {/api/v1/mm/purchase-requisitions, GET} route[39m[38;5;3m +0ms[39m
[32m[Nest] 21676  - [39m10/09/2026, 2:08:28 PM [32m    LOG[39m [38;5;3m[RouterExplorer] [39m[32mMapped {/api/v1/mm/purchase-requisitions/:id, GET} route[39m[38;5;3m +0ms[39m
[32m[Nest] 21676  - [39m10/09/2026, 2:08:28 PM [32m    LOG[39m [38;5;3m[RouterExplorer] [39m[32mMapped {/api/v1/mm/purchase-requisitions/:id, PUT} route[39m[38;5;3m +0ms[39m
[32m[Nest] 21676  - [39m10/09/2026, 2:08:28 PM [32m    LOG[39m [38;5;3m[RouterExplorer] [39m[32mMapped {/api/v1/mm/purchase-requisitions/:id/submit, POST} route[39m[38;5;3m +1ms[39m
[32m[Nest] 21676  - [39m10/09/2026, 2:08:28 PM [32m    LOG[39m [38;5;3m[RouterExplorer] [39m[32mMapped {/api/v1/mm/purchase-requisitions/:id/approve, POST} route[39m[38;5;3m +0ms[39m
[32m[Nest] 21676  - [39m10/09/2026, 2:08:28 PM [32m    LOG[39m [38;5;3m[RouterExplorer] [39m[32mMapped {/api/v1/mm/purchase-requisitions/:id/reject, POST} route[39m[38;5;3m +0ms[39m
[32m[Nest] 21676  - [39m10/09/2026, 2:08:28 PM [32m    LOG[39m [38;5;3m[RouterExplorer] [39m[32mMapped {/api/v1/mm/purchase-requisitions/:id/return, POST} route[39m[38;5;3m +0ms[39m
[32m[Nest] 21676  - [39m10/09/2026, 2:08:28 PM [32m    LOG[39m [38;5;3m[RouterExplorer] [39m[32mMapped {/api/v1/mm/purchase-requisitions/:id/cancel, POST} route[39m[38;5;3m +0ms[39m
[32m[Nest] 21676  - [39m10/09/2026, 2:08:28 PM [32m    LOG[39m [38;5;3m[RouterExplorer] [39m[32mMapped {/api/v1/mm/purchase-requisitions/:id/close, POST} route[39m[38;5;3m +0ms[39m
[32m[Nest] 21676  - [39m10/09/2026, 2:08:28 PM [32m    LOG[39m [38;5;3m[RouterExplorer] [39m[32mMapped {/api/v1/mm/purchase-requisitions/:id/convert, POST} route[39m[38;5;3m +1ms[39m
[32m[Nest] 21676  - [39m10/09/2026, 2:08:28 PM [32m    LOG[39m [38;5;3m[RouterExplorer] [39m[32mMapped {/api/v1/mm/purchase-requisitions/:id/audit, GET} route[39m[38;5;3m +0ms[39m
[32m[Nest] 21676  - [39m10/09/2026, 2:08:28 PM [32m    LOG[39m [38;5;3m[RoutesResolver] [39m[32mRfqController {/api/v1/mm/rfqs}:[39m[38;5;3m +0ms[39m
[32m[Nest] 21676  - [39m10/09/2026, 2:08:28 PM [32m    LOG[39m [38;5;3m[RouterExplorer] [39m[32mMapped {/api/v1/mm/rfqs, POST} route[39m[38;5;3m +0ms[39m
[32m[Nest] 21676  - [39m10/09/2026, 2:08:28 PM [32m    LOG[39m [38;5;3m[RouterExplorer] [39m[32mMapped {/api/v1/mm/rfqs/from-pr, POST} route[39m[38;5;3m +0ms[39m
[32m[Nest] 21676  - [39m10/09/2026, 2:08:28 PM [32m    LOG[39m [38;5;3m[RouterExplorer] [39m[32mMapped {/api/v1/mm/rfqs, GET} route[39m[38;5;3m +0ms[39m
[32m[Nest] 21676  - [39m10/09/2026, 2:08:28 PM [32m    LOG[39m [38;5;3m[RouterExplorer] [39m[32mMapped {/api/v1/mm/rfqs/:id, GET} route[39m[38;5;3m +0ms[39m
[32m[Nest] 21676  - [39m10/09/2026, 2:08:28 PM [32m    LOG[39m [38;5;3m[RouterExplorer] [39m[32mMapped {/api/v1/mm/rfqs/:id, PUT} route[39m[38;5;3m +1ms[39m
[32m[Nest] 21676  - [39m10/09/2026, 2:08:28 PM [32m    LOG[39m [38;5;3m[RouterExplorer] [39m[32mMapped {/api/v1/mm/rfqs/:id/invite-suppliers, POST} route[39m[38;5;3m +0ms[39m
[32m[Nest] 21676  - [39m10/09/2026, 2:08:28 PM [32m    LOG[39m [38;5;3m[RouterExplorer] [39m[32mMapped {/api/v1/mm/rfqs/:id/issue, POST} route[39m[38;5;3m +0ms[39m
[32m[Nest] 21676  - [39m10/09/2026, 2:08:28 PM [32m    LOG[39m [38;5;3m[RouterExplorer] [39m[32mMapped {/api/v1/mm/rfqs/:id/start-evaluation, POST} route[39m[38;5;3m +0ms[39m
[32m[Nest] 21676  - [39m10/09/2026, 2:08:28 PM [32m    LOG[39m [38;5;3m[RouterExplorer] [39m[32mMapped {/api/v1/mm/rfqs/:id/comparison, GET} route[39m[38;5;3m +1ms[39m
[32m[Nest] 21676  - [39m10/09/2026, 2:08:28 PM [32m    LOG[39m [38;5;3m[RouterExplorer] [39m[32mMapped {/api/v1/mm/rfqs/:id/award, POST} route[39m[38;5;3m +0ms[39m
[32m[Nest] 21676  - [39m10/09/2026, 2:08:28 PM [32m    LOG[39m [38;5;3m[RouterExplorer] [39m[32mMapped {/api/v1/mm/rfqs/:id/close, POST} route[39m[38;5;3m +0ms[39m
[32m[Nest] 21676  - [39m10/09/2026, 2:08:28 PM [32m    LOG[39m [38;5;3m[RouterExplorer] [39m[32mMapped {/api/v1/mm/rfqs/:id/cancel, POST} route[39m[38;5;3m +0ms[39m
[32m[Nest] 21676  - [39m10/09/2026, 2:08:28 PM [32m    LOG[39m [38;5;3m[RouterExplorer] [39m[32mMapped {/api/v1/mm/rfqs/:id/audit, GET} route[39m[38;5;3m +0ms[39m
[32m[Nest] 21676  - [39m10/09/2026, 2:08:28 PM [32m    LOG[39m [38;5;3m[RoutesResolver] [39m[32mQuotationController {/api/v1/mm/supplier-quotations}:[39m[38;5;3m +0ms[39m
[32m[Nest] 21676  - [39m10/09/2026, 2:08:28 PM [32m    LOG[39m [38;5;3m[RouterExplorer] [39m[32mMapped {/api/v1/mm/supplier-quotations, POST} route[39m[38;5;3m +1ms[39m
[32m[Nest] 21676  - [39m10/09/2026, 2:08:28 PM [32m    LOG[39m [38;5;3m[RouterExplorer] [39m[32mMapped {/api/v1/mm/supplier-quotations, GET} route[39m[38;5;3m +0ms[39m
[32m[Nest] 21676  - [39m10/09/2026, 2:08:28 PM [32m    LOG[39m [38;5;3m[RouterExplorer] [39m[32mMapped {/api/v1/mm/supplier-quotations/:id, GET} route[39m[38;5;3m +0ms[39m
[32m[Nest] 21676  - [39m10/09/2026, 2:08:28 PM [32m    LOG[39m [38;5;3m[RouterExplorer] [39m[32mMapped {/api/v1/mm/supplier-quotations/:id, PUT} route[39m[38;5;3m +0ms[39m
[32m[Nest] 21676  - [39m10/09/2026, 2:08:28 PM [32m    LOG[39m [38;5;3m[RouterExplorer] [39m[32mMapped {/api/v1/mm/supplier-quotations/:id/submit, POST} route[39m[38;5;3m +0ms[39m
[32m[Nest] 21676  - [39m10/09/2026, 2:08:28 PM [32m    LOG[39m [38;5;3m[RouterExplorer] [39m[32mMapped {/api/v1/mm/supplier-quotations/:id/withdraw, POST} route[39m[38;5;3m +1ms[39m
[32m[Nest] 21676  - [39m10/09/2026, 2:08:28 PM [32m    LOG[39m [38;5;3m[RouterExplorer] [39m[32mMapped {/api/v1/mm/supplier-quotations/:id/scores, PUT} route[39m[38;5;3m +0ms[39m
[32m[Nest] 21676  - [39m10/09/2026, 2:08:28 PM [32m    LOG[39m [38;5;3m[RoutesResolver] [39m[32mQuotationComparisonController {/api/v1/mm/quotation-comparisons}:[39m[38;5;3m +0ms[39m
[32m[Nest] 21676  - [39m10/09/2026, 2:08:28 PM [32m    LOG[39m [38;5;3m[RouterExplorer] [39m[32mMapped {/api/v1/mm/quotation-comparisons, POST} route[39m[38;5;3m +1ms[39m
[32m[Nest] 21676  - [39m10/09/2026, 2:08:28 PM [32m    LOG[39m [38;5;3m[RoutesResolver] [39m[32mPurchaseOrderController {/api/v1/mm/purchase-orders}:[39m[38;5;3m +0ms[39m
[32m[Nest] 21676  - [39m10/09/2026, 2:08:28 PM [32m    LOG[39m [38;5;3m[RouterExplorer] [39m[32mMapped {/api/v1/mm/purchase-orders, POST} route[39m[38;5;3m +1ms[39m
[32m[Nest] 21676  - [39m10/09/2026, 2:08:28 PM [32m    LOG[39m [38;5;3m[RouterExplorer] [39m[32mMapped {/api/v1/mm/purchase-orders/from-pr, POST} route[39m[38;5;3m +0ms[39m
[32m[Nest] 21676  - [39m10/09/2026, 2:08:28 PM [32m    LOG[39m [38;5;3m[RouterExplorer] [39m[32mMapped {/api/v1/mm/purchase-orders, GET} route[39m[38;5;3m +1ms[39m
[32m[Nest] 21676  - [39m10/09/2026, 2:08:28 PM [32m    LOG[39m [38;5;3m[RouterExplorer] [39m[32mMapped {/api/v1/mm/purchase-orders/:id, GET} route[39m[38;5;3m +0ms[39m
[32m[Nest] 21676  - [39m10/09/2026, 2:08:28 PM [32m    LOG[39m [38;5;3m[RouterExplorer] [39m[32mMapped {/api/v1/mm/purchase-orders/:id, PUT} route[39m[38;5;3m +1ms[39m
[32m[Nest] 21676  - [39m10/09/2026, 2:08:28 PM [32m    LOG[39m [38;5;3m[RouterExplorer] [39m[32mMapped {/api/v1/mm/purchase-orders/:id/submit, POST} route[39m[38;5;3m +0ms[39m
[32m[Nest] 21676  - [39m10/09/2026, 2:08:28 PM [32m    LOG[39m [38;5;3m[RouterExplorer] [39m[32mMapped {/api/v1/mm/purchase-orders/:id/approve, POST} route[39m[38;5;3m +1ms[39m
[32m[Nest] 21676  - [39m10/09/2026, 2:08:28 PM [32m    LOG[39m [38;5;3m[RouterExplorer] [39m[32mMapped {/api/v1/mm/purchase-orders/:id/reject, POST} route[39m[38;5;3m +0ms[39m
[32m[Nest] 21676  - [39m10/09/2026, 2:08:28 PM [32m    LOG[39m [38;5;3m[RouterExplorer] [39m[32mMapped {/api/v1/mm/purchase-orders/:id/return, POST} route[39m[38;5;3m +0ms[39m
[32m[Nest] 21676  - [39m10/09/2026, 2:08:28 PM [32m    LOG[39m [38;5;3m[RouterExplorer] [39m[32mMapped {/api/v1/mm/purchase-orders/:id/revise, POST} route[39m[38;5;3m +0ms[39m
[32m[Nest] 21676  - [39m10/09/2026, 2:08:28 PM [32m    LOG[39m [38;5;3m[RouterExplorer] [39m[32mMapped {/api/v1/mm/purchase-orders/:id/send, POST} route[39m[38;5;3m +1ms[39m
[32m[Nest] 21676  - [39m10/09/2026, 2:08:28 PM [32m    LOG[39m [38;5;3m[RouterExplorer] [39m[32mMapped {/api/v1/mm/purchase-orders/:id/cancel, POST} route[39m[38;5;3m +0ms[39m
[32m[Nest] 21676  - [39m10/09/2026, 2:08:28 PM [32m    LOG[39m [38;5;3m[RouterExplorer] [39m[32mMapped {/api/v1/mm/purchase-orders/:id/close, POST} route[39m[38;5;3m +0ms[39m
[32m[Nest] 21676  - [39m10/09/2026, 2:08:28 PM [32m    LOG[39m [38;5;3m[RouterExplorer] [39m[32mMapped {/api/v1/mm/purchase-orders/:id/audit, GET} route[39m[38;5;3m +0ms[39m
[32m[Nest] 21676  - [39m10/09/2026, 2:08:28 PM [32m    LOG[39m [38;5;3m[RouterExplorer] [39m[32mMapped {/api/v1/mm/purchase-orders/:id/document-flow, GET} route[39m[38;5;3m +0ms[39m
[32m[Nest] 21676  - [39m10/09/2026, 2:08:28 PM [32m    LOG[39m [38;5;3m[RouterExplorer] [39m[32mMapped {/api/v1/mm/purchase-orders/:id/attachments, GET} route[39m[38;5;3m +1ms[39m
[32m[Nest] 21676  - [39m10/09/2026, 2:08:28 PM [32m    LOG[39m [38;5;3m[RouterExplorer] [39m[32mMapped {/api/v1/mm/purchase-orders/:id/attachments, POST} route[39m[38;5;3m +0ms[39m
[32m[Nest] 21676  - [39m10/09/2026, 2:08:28 PM [32m    LOG[39m [38;5;3m[RouterExplorer] [39m[32mMapped {/api/v1/mm/purchase-orders/:id/attachments/:attachmentId, DELETE} route[39m[38;5;3m +0ms[39m
[32m[Nest] 21676  - [39m10/09/2026, 2:08:28 PM [32m    LOG[39m [38;5;3m[RoutesResolver] [39m[32mPoToleranceController {/api/v1/mm/po-tolerances}:[39m[38;5;3m +0ms[39m
[32m[Nest] 21676  - [39m10/09/2026, 2:08:28 PM [32m    LOG[39m [38;5;3m[RouterExplorer] [39m[32mMapped {/api/v1/mm/po-tolerances, GET} route[39m[38;5;3m +0ms[39m
[32m[Nest] 21676  - [39m10/09/2026, 2:08:28 PM [32m    LOG[39m [38;5;3m[RouterExplorer] [39m[32mMapped {/api/v1/mm/po-tolerances, PUT} route[39m[38;5;3m +1ms[39m
[32m[Nest] 21676  - [39m10/09/2026, 2:08:28 PM [32m    LOG[39m [38;5;3m[RoutesResolver] [39m[32mPurchaseContractController {/api/v1/mm/purchase-contracts}:[39m[38;5;3m +0ms[39m
[32m[Nest] 21676  - [39m10/09/2026, 2:08:28 PM [32m    LOG[39m [38;5;3m[RouterExplorer] [39m[32mMapped {/api/v1/mm/purchase-contracts, GET} route[39m[38;5;3m +0ms[39m
[32m[Nest] 21676  - [39m10/09/2026, 2:08:28 PM [32m    LOG[39m [38;5;3m[RouterExplorer] [39m[32mMapped {/api/v1/mm/purchase-contracts/:id, GET} route[39m[38;5;3m +0ms[39m
[32m[Nest] 21676  - [39m10/09/2026, 2:08:28 PM [32m    LOG[39m [38;5;3m[RouterExplorer] [39m[32mMapped {/api/v1/mm/purchase-contracts, POST} route[39m[38;5;3m +0ms[39m
[32m[Nest] 21676  - [39m10/09/2026, 2:08:28 PM [32m    LOG[39m [38;5;3m[RouterExplorer] [39m[32mMapped {/api/v1/mm/purchase-contracts/:id, PATCH} route[39m[38;5;3m +0ms[39m
[32m[Nest] 21676  - [39m10/09/2026, 2:08:28 PM [32m    LOG[39m [38;5;3m[RouterExplorer] [39m[32mMapped {/api/v1/mm/purchase-contracts/:id/activate, POST} route[39m[38;5;3m +1ms[39m
[32m[Nest] 21676  - [39m10/09/2026, 2:08:28 PM [32m    LOG[39m [38;5;3m[RouterExplorer] [39m[32mMapped {/api/v1/mm/purchase-contracts/:id/expire, POST} route[39m[38;5;3m +0ms[39m
[32m[Nest] 21676  - [39m10/09/2026, 2:08:28 PM [32m    LOG[39m [38;5;3m[RouterExplorer] [39m[32mMapped {/api/v1/mm/purchase-contracts/:id/cancel, POST} route[39m[38;5;3m +0ms[39m
[32m[Nest] 21676  - [39m10/09/2026, 2:08:28 PM [32m    LOG[39m [38;5;3m[RouterExplorer] [39m[32mMapped {/api/v1/mm/purchase-contracts/:id/releases, POST} route[39m[38;5;3m +0ms[39m
[32m[Nest] 21676  - [39m10/09/2026, 2:08:28 PM [32m    LOG[39m [38;5;3m[RouterExplorer] [39m[32mMapped {/api/v1/mm/purchase-contracts/:id/link-po, POST} route[39m[38;5;3m +0ms[39m
[32m[Nest] 21676  - [39m10/09/2026, 2:08:28 PM [32m    LOG[39m [38;5;3m[RouterExplorer] [39m[32mMapped {/api/v1/mm/purchase-contracts/:id/audit, GET} route[39m[38;5;3m +0ms[39m
[32m[Nest] 21676  - [39m10/09/2026, 2:08:28 PM [32m    LOG[39m [38;5;3m[RoutesResolver] [39m[32mProcurementHistoryController {/api/v1/mm/procurement/history}:[39m[38;5;3m +0ms[39m
[32m[Nest] 21676  - [39m10/09/2026, 2:08:28 PM [32m    LOG[39m [38;5;3m[RouterExplorer] [39m[32mMapped {/api/v1/mm/procurement/history, GET} route[39m[38;5;3m +1ms[39m
[32m[Nest] 21676  - [39m10/09/2026, 2:08:28 PM [32m    LOG[39m [38;5;3m[RoutesResolver] [39m[32mInboundController {/api/v1/mm/inbound}:[39m[38;5;3m +0ms[39m
[32m[Nest] 21676  - [39m10/09/2026, 2:08:28 PM [32m    LOG[39m [38;5;3m[RouterExplorer] [39m[32mMapped {/api/v1/mm/inbound/asns, POST} route[39m[38;5;3m +0ms[39m
[32m[Nest] 21676  - [39m10/09/2026, 2:08:28 PM [32m    LOG[39m [38;5;3m[RouterExplorer] [39m[32mMapped {/api/v1/mm/inbound/asns, GET} route[39m[38;5;3m +0ms[39m
[32m[Nest] 21676  - [39m10/09/2026, 2:08:28 PM [32m    LOG[39m [38;5;3m[RouterExplorer] [39m[32mMapped {/api/v1/mm/inbound/asns/:id, GET} route[39m[38;5;3m +0ms[39m
[32m[Nest] 21676  - [39m10/09/2026, 2:08:28 PM [32m    LOG[39m [38;5;3m[RouterExplorer] [39m[32mMapped {/api/v1/mm/inbound/asns/:id/confirm, POST} route[39m[38;5;3m +0ms[39m
[32m[Nest] 21676  - [39m10/09/2026, 2:08:28 PM [32m    LOG[39m [38;5;3m[RouterExplorer] [39m[32mMapped {/api/v1/mm/inbound/asns/:id/cancel, POST} route[39m[38;5;3m +1ms[39m
[32m[Nest] 21676  - [39m10/09/2026, 2:08:28 PM [32m    LOG[39m [38;5;3m[RouterExplorer] [39m[32mMapped {/api/v1/mm/inbound/expected-receipts/from-po, POST} route[39m[38;5;3m +0ms[39m
[32m[Nest] 21676  - [39m10/09/2026, 2:08:28 PM [32m    LOG[39m [38;5;3m[RouterExplorer] [39m[32mMapped {/api/v1/mm/inbound/expected-receipts/from-asn, POST} route[39m[38;5;3m +0ms[39m
[32m[Nest] 21676  - [39m10/09/2026, 2:08:28 PM [32m    LOG[39m [38;5;3m[RouterExplorer] [39m[32mMapped {/api/v1/mm/inbound/expected-receipts, GET} route[39m[38;5;3m +0ms[39m
[32m[Nest] 21676  - [39m10/09/2026, 2:08:28 PM [32m    LOG[39m [38;5;3m[RouterExplorer] [39m[32mMapped {/api/v1/mm/inbound/expected-receipts/:id, GET} route[39m[38;5;3m +1ms[39m
[32m[Nest] 21676  - [39m10/09/2026, 2:08:28 PM [32m    LOG[39m [38;5;3m[RouterExplorer] [39m[32mMapped {/api/v1/mm/inbound/receiving, POST} route[39m[38;5;3m +0ms[39m
[32m[Nest] 21676  - [39m10/09/2026, 2:08:28 PM [32m    LOG[39m [38;5;3m[RouterExplorer] [39m[32mMapped {/api/v1/mm/inbound/quality-inspections, GET} route[39m[38;5;3m +0ms[39m
[32m[Nest] 21676  - [39m10/09/2026, 2:08:28 PM [32m    LOG[39m [38;5;3m[RouterExplorer] [39m[32mMapped {/api/v1/mm/inbound/quality-inspections/:id, GET} route[39m[38;5;3m +0ms[39m
[32m[Nest] 21676  - [39m10/09/2026, 2:08:28 PM [32m    LOG[39m [38;5;3m[RouterExplorer] [39m[32mMapped {/api/v1/mm/inbound/quality-inspections/:id/decide, POST} route[39m[38;5;3m +0ms[39m
[32m[Nest] 21676  - [39m10/09/2026, 2:08:28 PM [32m    LOG[39m [38;5;3m[RoutesResolver] [39m[32mReceivingController {/api/v1/mm/receiving}:[39m[38;5;3m +0ms[39m
[32m[Nest] 21676  - [39m10/09/2026, 2:08:28 PM [32m    LOG[39m [38;5;3m[RouterExplorer] [39m[32mMapped {/api/v1/mm/receiving, POST} route[39m[38;5;3m +1ms[39m
[32m[Nest] 21676  - [39m10/09/2026, 2:08:28 PM [32m    LOG[39m [38;5;3m[RouterExplorer] [39m[32mMapped {/api/v1/mm/receiving, GET} route[39m[38;5;3m +0ms[39m
[32m[Nest] 21676  - [39m10/09/2026, 2:08:28 PM [32m    LOG[39m [38;5;3m[RouterExplorer] [39m[32mMapped {/api/v1/mm/receiving/variances, GET} route[39m[38;5;3m +0ms[39m
[32m[Nest] 21676  - [39m10/09/2026, 2:08:28 PM [32m    LOG[39m [38;5;3m[RouterExplorer] [39m[32mMapped {/api/v1/mm/receiving/:id, GET} route[39m[38;5;3m +0ms[39m
[32m[Nest] 21676  - [39m10/09/2026, 2:08:28 PM [32m    LOG[39m [38;5;3m[RouterExplorer] [39m[32mMapped {/api/v1/mm/receiving/:id/validate, POST} route[39m[38;5;3m +0ms[39m
[32m[Nest] 21676  - [39m10/09/2026, 2:08:28 PM [32m    LOG[39m [38;5;3m[RouterExplorer] [39m[32mMapped {/api/v1/mm/receiving/:id/post, POST} route[39m[38;5;3m +0ms[39m
[32m[Nest] 21676  - [39m10/09/2026, 2:08:28 PM [32m    LOG[39m [38;5;3m[RouterExplorer] [39m[32mMapped {/api/v1/mm/receiving/:id/cancel, POST} route[39m[38;5;3m +1ms[39m
[32m[Nest] 21676  - [39m10/09/2026, 2:08:28 PM [32m    LOG[39m [38;5;3m[RoutesResolver] [39m[32mInspectionLotController {/api/v1/mm/inspection-lots}:[39m[38;5;3m +0ms[39m
[32m[Nest] 21676  - [39m10/09/2026, 2:08:28 PM [32m    LOG[39m [38;5;3m[RouterExplorer] [39m[32mMapped {/api/v1/mm/inspection-lots, GET} route[39m[38;5;3m +0ms[39m
[32m[Nest] 21676  - [39m10/09/2026, 2:08:28 PM [32m    LOG[39m [38;5;3m[RouterExplorer] [39m[32mMapped {/api/v1/mm/inspection-lots/:id, GET} route[39m[38;5;3m +0ms[39m
[32m[Nest] 21676  - [39m10/09/2026, 2:08:28 PM [32m    LOG[39m [38;5;3m[RouterExplorer] [39m[32mMapped {/api/v1/mm/inspection-lots/:id/results, POST} route[39m[38;5;3m +0ms[39m
[32m[Nest] 21676  - [39m10/09/2026, 2:08:28 PM [32m    LOG[39m [38;5;3m[RouterExplorer] [39m[32mMapped {/api/v1/mm/inspection-lots/:id/start, POST} route[39m[38;5;3m +0ms[39m
[32m[Nest] 21676  - [39m10/09/2026, 2:08:28 PM [32m    LOG[39m [38;5;3m[RouterExplorer] [39m[32mMapped {/api/v1/mm/inspection-lots/:id/complete, POST} route[39m[38;5;3m +0ms[39m
[32m[Nest] 21676  - [39m10/09/2026, 2:08:28 PM [32m    LOG[39m [38;5;3m[RouterExplorer] [39m[32mMapped {/api/v1/mm/inspection-lots/:id/usage-decision, POST} route[39m[38;5;3m +1ms[39m
[32m[Nest] 21676  - [39m10/09/2026, 2:08:28 PM [32m    LOG[39m [38;5;3m[RoutesResolver] [39m[32mQualityHoldController {/api/v1/mm/quality-holds}:[39m[38;5;3m +0ms[39m
[32m[Nest] 21676  - [39m10/09/2026, 2:08:28 PM [32m    LOG[39m [38;5;3m[RouterExplorer] [39m[32mMapped {/api/v1/mm/quality-holds, POST} route[39m[38;5;3m +0ms[39m
[32m[Nest] 21676  - [39m10/09/2026, 2:08:28 PM [32m    LOG[39m [38;5;3m[RouterExplorer] [39m[32mMapped {/api/v1/mm/quality-holds, GET} route[39m[38;5;3m +0ms[39m
[32m[Nest] 21676  - [39m10/09/2026, 2:08:28 PM [32m    LOG[39m [38;5;3m[RouterExplorer] [39m[32mMapped {/api/v1/mm/quality-holds/:id/release, POST} route[39m[38;5;3m +0ms[39m
[32m[Nest] 21676  - [39m10/09/2026, 2:08:28 PM [32m    LOG[39m [38;5;3m[RoutesResolver] [39m[32mQualityController {/api/v1/mm/quality}:[39m[38;5;3m +0ms[39m
[32m[Nest] 21676  - [39m10/09/2026, 2:08:28 PM [32m    LOG[39m [38;5;3m[RouterExplorer] [39m[32mMapped {/api/v1/mm/quality/dashboard, GET} route[39m[38;5;3m +1ms[39m
[32m[Nest] 21676  - [39m10/09/2026, 2:08:28 PM [32m    LOG[39m [38;5;3m[RouterExplorer] [39m[32mMapped {/api/v1/mm/quality/usage-decisions, GET} route[39m[38;5;3m +0ms[39m
[32m[Nest] 21676  - [39m10/09/2026, 2:08:28 PM [32m    LOG[39m [38;5;3m[RouterExplorer] [39m[32mMapped {/api/v1/mm/quality/inspection-plans, GET} route[39m[38;5;3m +0ms[39m
[32m[Nest] 21676  - [39m10/09/2026, 2:08:28 PM [32m    LOG[39m [38;5;3m[RouterExplorer] [39m[32mMapped {/api/v1/mm/quality/inspection-plans/:id, GET} route[39m[38;5;3m +0ms[39m
[32m[Nest] 21676  - [39m10/09/2026, 2:08:28 PM [32m    LOG[39m [38;5;3m[RouterExplorer] [39m[32mMapped {/api/v1/mm/quality/inspection-plans, POST} route[39m[38;5;3m +1ms[39m
[32m[Nest] 21676  - [39m10/09/2026, 2:08:28 PM [32m    LOG[39m [38;5;3m[RouterExplorer] [39m[32mMapped {/api/v1/mm/quality/inspection-plans/:id, PUT} route[39m[38;5;3m +0ms[39m
[32m[Nest] 21676  - [39m10/09/2026, 2:08:28 PM [32m    LOG[39m [38;5;3m[RouterExplorer] [39m[32mMapped {/api/v1/mm/quality/inspection-plans/:id, DELETE} route[39m[38;5;3m +0ms[39m
[32m[Nest] 21676  - [39m10/09/2026, 2:08:28 PM [32m    LOG[39m [38;5;3m[RouterExplorer] [39m[32mMapped {/api/v1/mm/quality/inspection-rules, GET} route[39m[38;5;3m +0ms[39m
[32m[Nest] 21676  - [39m10/09/2026, 2:08:28 PM [32m    LOG[39m [38;5;3m[RouterExplorer] [39m[32mMapped {/api/v1/mm/quality/inspection-rules/:id, GET} route[39m[38;5;3m +1ms[39m
[32m[Nest] 21676  - [39m10/09/2026, 2:08:28 PM [32m    LOG[39m [38;5;3m[RouterExplorer] [39m[32mMapped {/api/v1/mm/quality/inspection-rules, POST} route[39m[38;5;3m +0ms[39m
[32m[Nest] 21676  - [39m10/09/2026, 2:08:28 PM [32m    LOG[39m [38;5;3m[RouterExplorer] [39m[32mMapped {/api/v1/mm/quality/inspection-rules/:id, PUT} route[39m[38;5;3m +0ms[39m
[32m[Nest] 21676  - [39m10/09/2026, 2:08:28 PM [32m    LOG[39m [38;5;3m[RouterExplorer] [39m[32mMapped {/api/v1/mm/quality/inspection-rules/:id, DELETE} route[39m[38;5;3m +0ms[39m
[32m[Nest] 21676  - [39m10/09/2026, 2:08:28 PM [32m    LOG[39m [38;5;3m[RouterExplorer] [39m[32mMapped {/api/v1/mm/quality/inspection-rules/seed-legacy/:companyId, POST} route[39m[38;5;3m +0ms[39m
[32m[Nest] 21676  - [39m10/09/2026, 2:08:28 PM [32m    LOG[39m [38;5;3m[RouterExplorer] [39m[32mMapped {/api/v1/mm/quality/defect-codes, GET} route[39m[38;5;3m +1ms[39m
[32m[Nest] 21676  - [39m10/09/2026, 2:08:28 PM [32m    LOG[39m [38;5;3m[RouterExplorer] [39m[32mMapped {/api/v1/mm/quality/defect-codes, POST} route[39m[38;5;3m +0ms[39m
[32m[Nest] 21676  - [39m10/09/2026, 2:08:28 PM [32m    LOG[39m [38;5;3m[RouterExplorer] [39m[32mMapped {/api/v1/mm/quality/defect-codes/seed/:companyId, POST} route[39m[38;5;3m +0ms[39m
[32m[Nest] 21676  - [39m10/09/2026, 2:08:28 PM [32m    LOG[39m [38;5;3m[RouterExplorer] [39m[32mMapped {/api/v1/mm/quality/inspection-lots, GET} route[39m[38;5;3m +0ms[39m
[32m[Nest] 21676  - [39m10/09/2026, 2:08:28 PM [32m    LOG[39m [38;5;3m[RouterExplorer] [39m[32mMapped {/api/v1/mm/quality/inspection-lots/:id, GET} route[39m[38;5;3m +0ms[39m
[32m[Nest] 21676  - [39m10/09/2026, 2:08:28 PM [32m    LOG[39m [38;5;3m[RouterExplorer] [39m[32mMapped {/api/v1/mm/quality/inspection-lots/:id/start, POST} route[39m[38;5;3m +0ms[39m
[32m[Nest] 21676  - [39m10/09/2026, 2:08:28 PM [32m    LOG[39m [38;5;3m[RouterExplorer] [39m[32mMapped {/api/v1/mm/quality/inspection-lots/:id/results, POST} route[39m[38;5;3m +1ms[39m
[32m[Nest] 21676  - [39m10/09/2026, 2:08:28 PM [32m    LOG[39m [38;5;3m[RouterExplorer] [39m[32mMapped {/api/v1/mm/quality/inspection-lots/:id/complete, POST} route[39m[38;5;3m +0ms[39m
[32m[Nest] 21676  - [39m10/09/2026, 2:08:28 PM [32m    LOG[39m [38;5;3m[RouterExplorer] [39m[32mMapped {/api/v1/mm/quality/inspection-lots/:id/usage-decision, POST} route[39m[38;5;3m +0ms[39m
[32m[Nest] 21676  - [39m10/09/2026, 2:08:28 PM [32m    LOG[39m [38;5;3m[RouterExplorer] [39m[32mMapped {/api/v1/mm/quality/holds, POST} route[39m[38;5;3m +0ms[39m
[32m[Nest] 21676  - [39m10/09/2026, 2:08:28 PM [32m    LOG[39m [38;5;3m[RouterExplorer] [39m[32mMapped {/api/v1/mm/quality/holds, GET} route[39m[38;5;3m +0ms[39m
[32m[Nest] 21676  - [39m10/09/2026, 2:08:28 PM [32m    LOG[39m [38;5;3m[RouterExplorer] [39m[32mMapped {/api/v1/mm/quality/holds/:id/release, POST} route[39m[38;5;3m +0ms[39m
[32m[Nest] 21676  - [39m10/09/2026, 2:08:28 PM [32m    LOG[39m [38;5;3m[RouterExplorer] [39m[32mMapped {/api/v1/mm/quality/nonconformances, GET} route[39m[38;5;3m +1ms[39m
[32m[Nest] 21676  - [39m10/09/2026, 2:08:28 PM [32m    LOG[39m [38;5;3m[RouterExplorer] [39m[32mMapped {/api/v1/mm/quality/nonconformances/:id, GET} route[39m[38;5;3m +0ms[39m
[32m[Nest] 21676  - [39m10/09/2026, 2:08:28 PM [32m    LOG[39m [38;5;3m[RouterExplorer] [39m[32mMapped {/api/v1/mm/quality/nonconformances, POST} route[39m[38;5;3m +0ms[39m
[32m[Nest] 21676  - [39m10/09/2026, 2:08:28 PM [32m    LOG[39m [38;5;3m[RouterExplorer] [39m[32mMapped {/api/v1/mm/quality/nonconformances/:id/resolve, POST} route[39m[38;5;3m +1ms[39m
[32m[Nest] 21676  - [39m10/09/2026, 2:08:28 PM [32m    LOG[39m [38;5;3m[RouterExplorer] [39m[32mMapped {/api/v1/mm/quality/nonconformances/:id/corrective-actions, GET} route[39m[38;5;3m +0ms[39m
[32m[Nest] 21676  - [39m10/09/2026, 2:08:28 PM [32m    LOG[39m [38;5;3m[RouterExplorer] [39m[32mMapped {/api/v1/mm/quality/nonconformances/:id/corrective-actions, POST} route[39m[38;5;3m +0ms[39m
[32m[Nest] 21676  - [39m10/09/2026, 2:08:28 PM [32m    LOG[39m [38;5;3m[RouterExplorer] [39m[32mMapped {/api/v1/mm/quality/corrective-actions, GET} route[39m[38;5;3m +0ms[39m
[32m[Nest] 21676  - [39m10/09/2026, 2:08:28 PM [32m    LOG[39m [38;5;3m[RouterExplorer] [39m[32mMapped {/api/v1/mm/quality/corrective-actions/:id, GET} route[39m[38;5;3m +1ms[39m
[32m[Nest] 21676  - [39m10/09/2026, 2:08:28 PM [32m    LOG[39m [38;5;3m[RouterExplorer] [39m[32mMapped {/api/v1/mm/quality/corrective-actions/:id, PUT} route[39m[38;5;3m +0ms[39m
[32m[Nest] 21676  - [39m10/09/2026, 2:08:28 PM [32m    LOG[39m [38;5;3m[RouterExplorer] [39m[32mMapped {/api/v1/mm/quality/corrective-actions/:id/transition, POST} route[39m[38;5;3m +0ms[39m
[32m[Nest] 21676  - [39m10/09/2026, 2:08:28 PM [32m    LOG[39m [38;5;3m[RouterExplorer] [39m[32mMapped {/api/v1/mm/quality/attachments, GET} route[39m[38;5;3m +0ms[39m
[32m[Nest] 21676  - [39m10/09/2026, 2:08:28 PM [32m    LOG[39m [38;5;3m[RouterExplorer] [39m[32mMapped {/api/v1/mm/quality/attachments, POST} route[39m[38;5;3m +0ms[39m
[32m[Nest] 21676  - [39m10/09/2026, 2:08:28 PM [32m    LOG[39m [38;5;3m[RouterExplorer] [39m[32mMapped {/api/v1/mm/quality/attachments/:id, DELETE} route[39m[38;5;3m +1ms[39m
[32m[Nest] 21676  - [39m10/09/2026, 2:08:28 PM [32m    LOG[39m [38;5;3m[RoutesResolver] [39m[32mReservationController {/api/v1/mm}:[39m[38;5;3m +0ms[39m
[32m[Nest] 21676  - [39m10/09/2026, 2:08:28 PM [32m    LOG[39m [38;5;3m[RouterExplorer] [39m[32mMapped {/api/v1/mm/reservations, GET} route[39m[38;5;3m +0ms[39m
[32m[Nest] 21676  - [39m10/09/2026, 2:08:28 PM [32m    LOG[39m [38;5;3m[RouterExplorer] [39m[32mMapped {/api/v1/mm/reservations/:id, GET} route[39m[38;5;3m +0ms[39m
[32m[Nest] 21676  - [39m10/09/2026, 2:08:28 PM [32m    LOG[39m [38;5;3m[RouterExplorer] [39m[32mMapped {/api/v1/mm/reservations, POST} route[39m[38;5;3m +0ms[39m
[32m[Nest] 21676  - [39m10/09/2026, 2:08:28 PM [32m    LOG[39m [38;5;3m[RouterExplorer] [39m[32mMapped {/api/v1/mm/reservations/:id/cancel, POST} route[39m[38;5;3m +0ms[39m
[32m[Nest] 21676  - [39m10/09/2026, 2:08:28 PM [32m    LOG[39m [38;5;3m[RouterExplorer] [39m[32mMapped {/api/v1/mm/reservations/expire-due, POST} route[39m[38;5;3m +1ms[39m
[32m[Nest] 21676  - [39m10/09/2026, 2:08:28 PM [32m    LOG[39m [38;5;3m[RouterExplorer] [39m[32mMapped {/api/v1/mm/available-stock, GET} route[39m[38;5;3m +0ms[39m
[32m[Nest] 21676  - [39m10/09/2026, 2:08:28 PM [32m    LOG[39m [38;5;3m[RoutesResolver] [39m[32mInventoryControlController {/api/v1/mm/inventory-control}:[39m[38;5;3m +0ms[39m
[32m[Nest] 21676  - [39m10/09/2026, 2:08:28 PM [32m    LOG[39m [38;5;3m[RouterExplorer] [39m[32mMapped {/api/v1/mm/inventory-control/count-policies, GET} route[39m[38;5;3m +0ms[39m
[32m[Nest] 21676  - [39m10/09/2026, 2:08:28 PM [32m    LOG[39m [38;5;3m[RouterExplorer] [39m[32mMapped {/api/v1/mm/inventory-control/count-policies/:id, GET} route[39m[38;5;3m +0ms[39m
[32m[Nest] 21676  - [39m10/09/2026, 2:08:28 PM [32m    LOG[39m [38;5;3m[RouterExplorer] [39m[32mMapped {/api/v1/mm/inventory-control/count-policies, POST} route[39m[38;5;3m +1ms[39m
[32m[Nest] 21676  - [39m10/09/2026, 2:08:28 PM [32m    LOG[39m [38;5;3m[RouterExplorer] [39m[32mMapped {/api/v1/mm/inventory-control/count-policies/:id, PATCH} route[39m[38;5;3m +3ms[39m
[32m[Nest] 21676  - [39m10/09/2026, 2:08:28 PM [32m    LOG[39m [38;5;3m[RouterExplorer] [39m[32mMapped {/api/v1/mm/inventory-control/count-plans, GET} route[39m[38;5;3m +0ms[39m
[32m[Nest] 21676  - [39m10/09/2026, 2:08:28 PM [32m    LOG[39m [38;5;3m[RouterExplorer] [39m[32mMapped {/api/v1/mm/inventory-control/count-plans/:id, GET} route[39m[38;5;3m +0ms[39m
[32m[Nest] 21676  - [39m10/09/2026, 2:08:28 PM [32m    LOG[39m [38;5;3m[RouterExplorer] [39m[32mMapped {/api/v1/mm/inventory-control/count-plans, POST} route[39m[38;5;3m +1ms[39m
[32m[Nest] 21676  - [39m10/09/2026, 2:08:28 PM [32m    LOG[39m [38;5;3m[RouterExplorer] [39m[32mMapped {/api/v1/mm/inventory-control/count-plans/:id/generate, POST} route[39m[38;5;3m +0ms[39m
[32m[Nest] 21676  - [39m10/09/2026, 2:08:28 PM [32m    LOG[39m [38;5;3m[RouterExplorer] [39m[32mMapped {/api/v1/mm/inventory-control/count-sessions, GET} route[39m[38;5;3m +0ms[39m
[32m[Nest] 21676  - [39m10/09/2026, 2:08:28 PM [32m    LOG[39m [38;5;3m[RouterExplorer] [39m[32mMapped {/api/v1/mm/inventory-control/count-sessions/:id, GET} route[39m[38;5;3m +0ms[39m
[32m[Nest] 21676  - [39m10/09/2026, 2:08:28 PM [32m    LOG[39m [38;5;3m[RouterExplorer] [39m[32mMapped {/api/v1/mm/inventory-control/count-sessions, POST} route[39m[38;5;3m +0ms[39m
[32m[Nest] 21676  - [39m10/09/2026, 2:08:28 PM [32m    LOG[39m [38;5;3m[RouterExplorer] [39m[32mMapped {/api/v1/mm/inventory-control/count-sessions/:id/start, POST} route[39m[38;5;3m +1ms[39m
[32m[Nest] 21676  - [39m10/09/2026, 2:08:28 PM [32m    LOG[39m [38;5;3m[RouterExplorer] [39m[32mMapped {/api/v1/mm/inventory-control/count-sessions/:id/close, POST} route[39m[38;5;3m +0ms[39m
[32m[Nest] 21676  - [39m10/09/2026, 2:08:28 PM [32m    LOG[39m [38;5;3m[RouterExplorer] [39m[32mMapped {/api/v1/mm/inventory-control/count-tasks, GET} route[39m[38;5;3m +0ms[39m
[32m[Nest] 21676  - [39m10/09/2026, 2:08:28 PM [32m    LOG[39m [38;5;3m[RouterExplorer] [39m[32mMapped {/api/v1/mm/inventory-control/count-tasks, POST} route[39m[38;5;3m +0ms[39m
[32m[Nest] 21676  - [39m10/09/2026, 2:08:28 PM [32m    LOG[39m [38;5;3m[RouterExplorer] [39m[32mMapped {/api/v1/mm/inventory-control/count-entries, POST} route[39m[38;5;3m +0ms[39m
[32m[Nest] 21676  - [39m10/09/2026, 2:08:28 PM [32m    LOG[39m [38;5;3m[RouterExplorer] [39m[32mMapped {/api/v1/mm/inventory-control/recounts, GET} route[39m[38;5;3m +0ms[39m
[32m[Nest] 21676  - [39m10/09/2026, 2:08:28 PM [32m    LOG[39m [38;5;3m[RouterExplorer] [39m[32mMapped {/api/v1/mm/inventory-control/recounts, POST} route[39m[38;5;3m +1ms[39m
[32m[Nest] 21676  - [39m10/09/2026, 2:08:28 PM [32m    LOG[39m [38;5;3m[RouterExplorer] [39m[32mMapped {/api/v1/mm/inventory-control/adjustment-requests, GET} route[39m[38;5;3m +0ms[39m
[32m[Nest] 21676  - [39m10/09/2026, 2:08:28 PM [32m    LOG[39m [38;5;3m[RouterExplorer] [39m[32mMapped {/api/v1/mm/inventory-control/adjustment-requests/:id, GET} route[39m[38;5;3m +0ms[39m
[32m[Nest] 21676  - [39m10/09/2026, 2:08:28 PM [32m    LOG[39m [38;5;3m[RouterExplorer] [39m[32mMapped {/api/v1/mm/inventory-control/adjustment-requests, POST} route[39m[38;5;3m +0ms[39m
[32m[Nest] 21676  - [39m10/09/2026, 2:08:28 PM [32m    LOG[39m [38;5;3m[RouterExplorer] [39m[32mMapped {/api/v1/mm/inventory-control/adjustment-requests/:id/approve, POST} route[39m[38;5;3m +0ms[39m
[32m[Nest] 21676  - [39m10/09/2026, 2:08:28 PM [32m    LOG[39m [38;5;3m[RouterExplorer] [39m[32mMapped {/api/v1/mm/inventory-control/adjustment-requests/:id/reject, POST} route[39m[38;5;3m +0ms[39m
[32m[Nest] 21676  - [39m10/09/2026, 2:08:28 PM [32m    LOG[39m [38;5;3m[RouterExplorer] [39m[32mMapped {/api/v1/mm/inventory-control/count-sessions/:id/variances, GET} route[39m[38;5;3m +0ms[39m
[32m[Nest] 21676  - [39m10/09/2026, 2:08:28 PM [32m    LOG[39m [38;5;3m[RouterExplorer] [39m[32mMapped {/api/v1/mm/inventory-control/count-rules, GET} route[39m[38;5;3m +1ms[39m
[32m[Nest] 21676  - [39m10/09/2026, 2:08:28 PM [32m    LOG[39m [38;5;3m[RouterExplorer] [39m[32mMapped {/api/v1/mm/inventory-control/count-rules/:id, GET} route[39m[38;5;3m +0ms[39m
[32m[Nest] 21676  - [39m10/09/2026, 2:08:28 PM [32m    LOG[39m [38;5;3m[RouterExplorer] [39m[32mMapped {/api/v1/mm/inventory-control/count-rules, POST} route[39m[38;5;3m +0ms[39m
[32m[Nest] 21676  - [39m10/09/2026, 2:08:28 PM [32m    LOG[39m [38;5;3m[RouterExplorer] [39m[32mMapped {/api/v1/mm/inventory-control/count-rules/:id, PATCH} route[39m[38;5;3m +0ms[39m
[32m[Nest] 21676  - [39m10/09/2026, 2:08:28 PM [32m    LOG[39m [38;5;3m[RouterExplorer] [39m[32mMapped {/api/v1/mm/inventory-control/count-rules/:id, DELETE} route[39m[38;5;3m +0ms[39m
[32m[Nest] 21676  - [39m10/09/2026, 2:08:28 PM [32m    LOG[39m [38;5;3m[RouterExplorer] [39m[32mMapped {/api/v1/mm/inventory-control/count-lines, GET} route[39m[38;5;3m +0ms[39m
[32m[Nest] 21676  - [39m10/09/2026, 2:08:28 PM [32m    LOG[39m [38;5;3m[RouterExplorer] [39m[32mMapped {/api/v1/mm/inventory-control/count-lines/:id/blind-count, POST} route[39m[38;5;3m +1ms[39m
[32m[Nest] 21676  - [39m10/09/2026, 2:08:28 PM [32m    LOG[39m [38;5;3m[RouterExplorer] [39m[32mMapped {/api/v1/mm/inventory-control/count-lines/:id/recount, POST} route[39m[38;5;3m +0ms[39m
[32m[Nest] 21676  - [39m10/09/2026, 2:08:28 PM [32m    LOG[39m [38;5;3m[RouterExplorer] [39m[32mMapped {/api/v1/mm/inventory-control/counts, GET} route[39m[38;5;3m +0ms[39m
[32m[Nest] 21676  - [39m10/09/2026, 2:08:28 PM [32m    LOG[39m [38;5;3m[RouterExplorer] [39m[32mMapped {/api/v1/mm/inventory-control/counts/:id, GET} route[39m[38;5;3m +0ms[39m
[32m[Nest] 21676  - [39m10/09/2026, 2:08:28 PM [32m    LOG[39m [38;5;3m[RouterExplorer] [39m[32mMapped {/api/v1/mm/inventory-control/counts, POST} route[39m[38;5;3m +0ms[39m
[32m[Nest] 21676  - [39m10/09/2026, 2:08:28 PM [32m    LOG[39m [38;5;3m[RouterExplorer] [39m[32mMapped {/api/v1/mm/inventory-control/counts/:id/generate, POST} route[39m[38;5;3m +0ms[39m
[32m[Nest] 21676  - [39m10/09/2026, 2:08:28 PM [32m    LOG[39m [38;5;3m[RouterExplorer] [39m[32mMapped {/api/v1/mm/inventory-control/counts/:id/start, POST} route[39m[38;5;3m +1ms[39m
[32m[Nest] 21676  - [39m10/09/2026, 2:08:28 PM [32m    LOG[39m [38;5;3m[RouterExplorer] [39m[32mMapped {/api/v1/mm/inventory-control/counts/:id/compute-variances, POST} route[39m[38;5;3m +0ms[39m
[32m[Nest] 21676  - [39m10/09/2026, 2:08:28 PM [32m    LOG[39m [38;5;3m[RouterExplorer] [39m[32mMapped {/api/v1/mm/inventory-control/counts/:id/submit-approval, POST} route[39m[38;5;3m +0ms[39m
[32m[Nest] 21676  - [39m10/09/2026, 2:08:28 PM [32m    LOG[39m [38;5;3m[RouterExplorer] [39m[32mMapped {/api/v1/mm/inventory-control/counts/:id/approve, POST} route[39m[38;5;3m +0ms[39m
[32m[Nest] 21676  - [39m10/09/2026, 2:08:28 PM [32m    LOG[39m [38;5;3m[RouterExplorer] [39m[32mMapped {/api/v1/mm/inventory-control/counts/:id/reject, POST} route[39m[38;5;3m +0ms[39m
[32m[Nest] 21676  - [39m10/09/2026, 2:08:28 PM [32m    LOG[39m [38;5;3m[RouterExplorer] [39m[32mMapped {/api/v1/mm/inventory-control/counts/:id/post-adjustments, POST} route[39m[38;5;3m +0ms[39m
[32m[Nest] 21676  - [39m10/09/2026, 2:08:28 PM [32m    LOG[39m [38;5;3m[RouterExplorer] [39m[32mMapped {/api/v1/mm/inventory-control/counts/:id/close, POST} route[39m[38;5;3m +0ms[39m
[32m[Nest] 21676  - [39m10/09/2026, 2:08:28 PM [32m    LOG[39m [38;5;3m[RoutesResolver] [39m[32mValuationController {/api/v1/mm/valuation}:[39m[38;5;3m +0ms[39m
[32m[Nest] 21676  - [39m10/09/2026, 2:08:28 PM [32m    LOG[39m [38;5;3m[RouterExplorer] [39m[32mMapped {/api/v1/mm/valuation/profiles, GET} route[39m[38;5;3m +1ms[39m
[32m[Nest] 21676  - [39m10/09/2026, 2:08:28 PM [32m    LOG[39m [38;5;3m[RouterExplorer] [39m[32mMapped {/api/v1/mm/valuation/profiles, POST} route[39m[38;5;3m +0ms[39m
[32m[Nest] 21676  - [39m10/09/2026, 2:08:28 PM [32m    LOG[39m [38;5;3m[RouterExplorer] [39m[32mMapped {/api/v1/mm/valuation/material-valuations, GET} route[39m[38;5;3m +0ms[39m
[32m[Nest] 21676  - [39m10/09/2026, 2:08:28 PM [32m    LOG[39m [38;5;3m[RouterExplorer] [39m[32mMapped {/api/v1/mm/valuation/material-valuations/:id, GET} route[39m[38;5;3m +0ms[39m
[32m[Nest] 21676  - [39m10/09/2026, 2:08:28 PM [32m    LOG[39m [38;5;3m[RouterExplorer] [39m[32mMapped {/api/v1/mm/valuation/material-valuations, POST} route[39m[38;5;3m +1ms[39m
[32m[Nest] 21676  - [39m10/09/2026, 2:08:28 PM [32m    LOG[39m [38;5;3m[RouterExplorer] [39m[32mMapped {/api/v1/mm/valuation/material-valuations/:id, PATCH} route[39m[38;5;3m +0ms[39m
[32m[Nest] 21676  - [39m10/09/2026, 2:08:28 PM [32m    LOG[39m [38;5;3m[RouterExplorer] [39m[32mMapped {/api/v1/mm/valuation/material-valuations/:id/revise-standard, POST} route[39m[38;5;3m +0ms[39m
[32m[Nest] 21676  - [39m10/09/2026, 2:08:28 PM [32m    LOG[39m [38;5;3m[RouterExplorer] [39m[32mMapped {/api/v1/mm/valuation/cost-layers, GET} route[39m[38;5;3m +0ms[39m
[32m[Nest] 21676  - [39m10/09/2026, 2:08:28 PM [32m    LOG[39m [38;5;3m[RouterExplorer] [39m[32mMapped {/api/v1/mm/valuation/cost-layers, POST} route[39m[38;5;3m +0ms[39m
[32m[Nest] 21676  - [39m10/09/2026, 2:08:28 PM [32m    LOG[39m [38;5;3m[RouterExplorer] [39m[32mMapped {/api/v1/mm/valuation/inventory, GET} route[39m[38;5;3m +0ms[39m
[32m[Nest] 21676  - [39m10/09/2026, 2:08:28 PM [32m    LOG[39m [38;5;3m[RouterExplorer] [39m[32mMapped {/api/v1/mm/valuation/inventory-value, GET} route[39m[38;5;3m +1ms[39m
[32m[Nest] 21676  - [39m10/09/2026, 2:08:28 PM [32m    LOG[39m [38;5;3m[RouterExplorer] [39m[32mMapped {/api/v1/mm/valuation/valuation-transactions, GET} route[39m[38;5;3m +0ms[39m
[32m[Nest] 21676  - [39m10/09/2026, 2:08:28 PM [32m    LOG[39m [38;5;3m[RouterExplorer] [39m[32mMapped {/api/v1/mm/valuation/price-variance, GET} route[39m[38;5;3m +0ms[39m
[32m[Nest] 21676  - [39m10/09/2026, 2:08:28 PM [32m    LOG[39m [38;5;3m[RouterExplorer] [39m[32mMapped {/api/v1/mm/valuation/cost-elements, GET} route[39m[38;5;3m +0ms[39m
[32m[Nest] 21676  - [39m10/09/2026, 2:08:28 PM [32m    LOG[39m [38;5;3m[RouterExplorer] [39m[32mMapped {/api/v1/mm/valuation/cost-elements, POST} route[39m[38;5;3m +1ms[39m
[32m[Nest] 21676  - [39m10/09/2026, 2:08:28 PM [32m    LOG[39m [38;5;3m[RouterExplorer] [39m[32mMapped {/api/v1/mm/valuation/cost-elements/ensure-defaults, POST} route[39m[38;5;3m +0ms[39m
[32m[Nest] 21676  - [39m10/09/2026, 2:08:28 PM [32m    LOG[39m [38;5;3m[RouterExplorer] [39m[32mMapped {/api/v1/mm/valuation/landed-costs, GET} route[39m[38;5;3m +0ms[39m
[32m[Nest] 21676  - [39m10/09/2026, 2:08:28 PM [32m    LOG[39m [38;5;3m[RouterExplorer] [39m[32mMapped {/api/v1/mm/valuation/landed-costs/:id, GET} route[39m[38;5;3m +0ms[39m
[32m[Nest] 21676  - [39m10/09/2026, 2:08:28 PM [32m    LOG[39m [38;5;3m[RouterExplorer] [39m[32mMapped {/api/v1/mm/valuation/landed-costs, POST} route[39m[38;5;3m +0ms[39m
[32m[Nest] 21676  - [39m10/09/2026, 2:08:28 PM [32m    LOG[39m [38;5;3m[RouterExplorer] [39m[32mMapped {/api/v1/mm/valuation/landed-cost, POST} route[39m[38;5;3m +1ms[39m
[32m[Nest] 21676  - [39m10/09/2026, 2:08:28 PM [32m    LOG[39m [38;5;3m[RouterExplorer] [39m[32mMapped {/api/v1/mm/valuation/landed-costs/:id/allocate-preview, POST} route[39m[38;5;3m +0ms[39m
[32m[Nest] 21676  - [39m10/09/2026, 2:08:28 PM [32m    LOG[39m [38;5;3m[RouterExplorer] [39m[32mMapped {/api/v1/mm/valuation/landed-costs/:id/capitalize, POST} route[39m[38;5;3m +0ms[39m
[32m[Nest] 21676  - [39m10/09/2026, 2:08:28 PM [32m    LOG[39m [38;5;3m[RouterExplorer] [39m[32mMapped {/api/v1/mm/valuation/landed-cost/:id/allocate, POST} route[39m[38;5;3m +0ms[39m
[32m[Nest] 21676  - [39m10/09/2026, 2:08:28 PM [32m    LOG[39m [38;5;3m[RoutesResolver] [39m[32mThreeWayMatchController {/api/v1/mm/three-way-match}:[39m[38;5;3m +0ms[39m
[32m[Nest] 21676  - [39m10/09/2026, 2:08:28 PM [32m    LOG[39m [38;5;3m[RouterExplorer] [39m[32mMapped {/api/v1/mm/three-way-match/tolerance-config, GET} route[39m[38;5;3m +0ms[39m
[32m[Nest] 21676  - [39m10/09/2026, 2:08:28 PM [32m    LOG[39m [38;5;3m[RouterExplorer] [39m[32mMapped {/api/v1/mm/three-way-match/tolerance-config, PATCH} route[39m[38;5;3m +0ms[39m
[32m[Nest] 21676  - [39m10/09/2026, 2:08:28 PM [32m    LOG[39m [38;5;3m[RouterExplorer] [39m[32mMapped {/api/v1/mm/three-way-match/exceptions, GET} route[39m[38;5;3m +1ms[39m
[32m[Nest] 21676  - [39m10/09/2026, 2:08:28 PM [32m    LOG[39m [38;5;3m[RouterExplorer] [39m[32mMapped {/api/v1/mm/three-way-match/exceptions/:id, GET} route[39m[38;5;3m +0ms[39m
[32m[Nest] 21676  - [39m10/09/2026, 2:08:28 PM [32m    LOG[39m [38;5;3m[RouterExplorer] [39m[32mMapped {/api/v1/mm/three-way-match/exceptions/:id/acknowledge, POST} route[39m[38;5;3m +0ms[39m
[32m[Nest] 21676  - [39m10/09/2026, 2:08:28 PM [32m    LOG[39m [38;5;3m[RouterExplorer] [39m[32mMapped {/api/v1/mm/three-way-match/exceptions/:id/resolve, POST} route[39m[38;5;3m +0ms[39m
[32m[Nest] 21676  - [39m10/09/2026, 2:08:28 PM [32m    LOG[39m [38;5;3m[RouterExplorer] [39m[32mMapped {/api/v1/mm/three-way-match/exceptions/:id/waive, POST} route[39m[38;5;3m +0ms[39m
[32m[Nest] 21676  - [39m10/09/2026, 2:08:28 PM [32m    LOG[39m [38;5;3m[RouterExplorer] [39m[32mMapped {/api/v1/mm/three-way-match/invoices, GET} route[39m[38;5;3m +1ms[39m
[32m[Nest] 21676  - [39m10/09/2026, 2:08:28 PM [32m    LOG[39m [38;5;3m[RouterExplorer] [39m[32mMapped {/api/v1/mm/three-way-match/invoices/:id, GET} route[39m[38;5;3m +0ms[39m
[32m[Nest] 21676  - [39m10/09/2026, 2:08:28 PM [32m    LOG[39m [38;5;3m[RouterExplorer] [39m[32mMapped {/api/v1/mm/three-way-match/invoices, POST} route[39m[38;5;3m +0ms[39m
[32m[Nest] 21676  - [39m10/09/2026, 2:08:28 PM [32m    LOG[39m [38;5;3m[RouterExplorer] [39m[32mMapped {/api/v1/mm/three-way-match/invoices/:id, PATCH} route[39m[38;5;3m +0ms[39m
[32m[Nest] 21676  - [39m10/09/2026, 2:08:28 PM [32m    LOG[39m [38;5;3m[RouterExplorer] [39m[32mMapped {/api/v1/mm/three-way-match/invoices/:id/submit, POST} route[39m[38;5;3m +0ms[39m
[32m[Nest] 21676  - [39m10/09/2026, 2:08:28 PM [32m    LOG[39m [38;5;3m[RouterExplorer] [39m[32mMapped {/api/v1/mm/three-way-match/invoices/:id/match-preview, GET} route[39m[38;5;3m +1ms[39m
[32m[Nest] 21676  - [39m10/09/2026, 2:08:28 PM [32m    LOG[39m [38;5;3m[RouterExplorer] [39m[32mMapped {/api/v1/mm/three-way-match/invoices/:id/run-match, POST} route[39m[38;5;3m +0ms[39m
[32m[Nest] 21676  - [39m10/09/2026, 2:08:28 PM [32m    LOG[39m [38;5;3m[RouterExplorer] [39m[32mMapped {/api/v1/mm/three-way-match/invoices/:id/approve, POST} route[39m[38;5;3m +0ms[39m
[32m[Nest] 21676  - [39m10/09/2026, 2:08:28 PM [32m    LOG[39m [38;5;3m[RoutesResolver] [39m[32mPlanningController {/api/v1/mm/planning}:[39m[38;5;3m +0ms[39m
[32m[Nest] 21676  - [39m10/09/2026, 2:08:28 PM [32m    LOG[39m [38;5;3m[RouterExplorer] [39m[32mMapped {/api/v1/mm/planning/dashboard, GET} route[39m[38;5;3m +0ms[39m
[32m[Nest] 21676  - [39m10/09/2026, 2:08:28 PM [32m    LOG[39m [38;5;3m[RouterExplorer] [39m[32mMapped {/api/v1/mm/planning/planning-parameters, GET} route[39m[38;5;3m +1ms[39m
[32m[Nest] 21676  - [39m10/09/2026, 2:08:28 PM [32m    LOG[39m [38;5;3m[RouterExplorer] [39m[32mMapped {/api/v1/mm/planning/planning-parameters, POST} route[39m[38;5;3m +0ms[39m
[32m[Nest] 21676  - [39m10/09/2026, 2:08:28 PM [32m    LOG[39m [38;5;3m[RouterExplorer] [39m[32mMapped {/api/v1/mm/planning/planning-parameters/:id, PATCH} route[39m[38;5;3m +0ms[39m
[32m[Nest] 21676  - [39m10/09/2026, 2:08:28 PM [32m    LOG[39m [38;5;3m[RouterExplorer] [39m[32mMapped {/api/v1/mm/planning/reorder-rules, GET} route[39m[38;5;3m +0ms[39m
[32m[Nest] 21676  - [39m10/09/2026, 2:08:28 PM [32m    LOG[39m [38;5;3m[RouterExplorer] [39m[32mMapped {/api/v1/mm/planning/reorder-rules/:id, GET} route[39m[38;5;3m +0ms[39m
[32m[Nest] 21676  - [39m10/09/2026, 2:08:28 PM [32m    LOG[39m [38;5;3m[RouterExplorer] [39m[32mMapped {/api/v1/mm/planning/reorder-rules, POST} route[39m[38;5;3m +1ms[39m
[32m[Nest] 21676  - [39m10/09/2026, 2:08:28 PM [32m    LOG[39m [38;5;3m[RouterExplorer] [39m[32mMapped {/api/v1/mm/planning/reorder-rules/:id, PATCH} route[39m[38;5;3m +0ms[39m
[32m[Nest] 21676  - [39m10/09/2026, 2:08:28 PM [32m    LOG[39m [38;5;3m[RouterExplorer] [39m[32mMapped {/api/v1/mm/planning/reorder-rules/:id, DELETE} route[39m[38;5;3m +0ms[39m
[32m[Nest] 21676  - [39m10/09/2026, 2:08:28 PM [32m    LOG[39m [38;5;3m[RouterExplorer] [39m[32mMapped {/api/v1/mm/planning/demand, GET} route[39m[38;5;3m +0ms[39m
[32m[Nest] 21676  - [39m10/09/2026, 2:08:28 PM [32m    LOG[39m [38;5;3m[RouterExplorer] [39m[32mMapped {/api/v1/mm/planning/demand/:id, GET} route[39m[38;5;3m +0ms[39m
[32m[Nest] 21676  - [39m10/09/2026, 2:08:28 PM [32m    LOG[39m [38;5;3m[RouterExplorer] [39m[32mMapped {/api/v1/mm/planning/demand, POST} route[39m[38;5;3m +0ms[39m
[32m[Nest] 21676  - [39m10/09/2026, 2:08:28 PM [32m    LOG[39m [38;5;3m[RouterExplorer] [39m[32mMapped {/api/v1/mm/planning/demands, GET} route[39m[38;5;3m +1ms[39m
[32m[Nest] 21676  - [39m10/09/2026, 2:08:28 PM [32m    LOG[39m [38;5;3m[RouterExplorer] [39m[32mMapped {/api/v1/mm/planning/demands, POST} route[39m[38;5;3m +0ms[39m
[32m[Nest] 21676  - [39m10/09/2026, 2:08:28 PM [32m    LOG[39m [38;5;3m[RouterExplorer] [39m[32mMapped {/api/v1/mm/planning/demand/:id, PATCH} route[39m[38;5;3m +0ms[39m
[32m[Nest] 21676  - [39m10/09/2026, 2:08:28 PM [32m    LOG[39m [38;5;3m[RouterExplorer] [39m[32mMapped {/api/v1/mm/planning/demand/:id/cancel, POST} route[39m[38;5;3m +0ms[39m
[32m[Nest] 21676  - [39m10/09/2026, 2:08:28 PM [32m    LOG[39m [38;5;3m[RouterExplorer] [39m[32mMapped {/api/v1/mm/planning/demand/:id, DELETE} route[39m[38;5;3m +0ms[39m
[32m[Nest] 21676  - [39m10/09/2026, 2:08:28 PM [32m    LOG[39m [38;5;3m[RouterExplorer] [39m[32mMapped {/api/v1/mm/planning/mrp-runs, GET} route[39m[38;5;3m +0ms[39m
[32m[Nest] 21676  - [39m10/09/2026, 2:08:28 PM [32m    LOG[39m [38;5;3m[RouterExplorer] [39m[32mMapped {/api/v1/mm/planning/mrp-runs/:id, GET} route[39m[38;5;3m +0ms[39m
[32m[Nest] 21676  - [39m10/09/2026, 2:08:28 PM [32m    LOG[39m [38;5;3m[RouterExplorer] [39m[32mMapped {/api/v1/mm/planning/mrp-runs, POST} route[39m[38;5;3m +1ms[39m
[32m[Nest] 21676  - [39m10/09/2026, 2:08:28 PM [32m    LOG[39m [38;5;3m[RouterExplorer] [39m[32mMapped {/api/v1/mm/planning/mrp-runs/:id/execute, POST} route[39m[38;5;3m +0ms[39m
[32m[Nest] 21676  - [39m10/09/2026, 2:08:28 PM [32m    LOG[39m [38;5;3m[RouterExplorer] [39m[32mMapped {/api/v1/mm/planning/mrp-runs/:id/cancel, POST} route[39m[38;5;3m +0ms[39m
[32m[Nest] 21676  - [39m10/09/2026, 2:08:28 PM [32m    LOG[39m [38;5;3m[RouterExplorer] [39m[32mMapped {/api/v1/mm/planning/material-requirements, GET} route[39m[38;5;3m +0ms[39m
[32m[Nest] 21676  - [39m10/09/2026, 2:08:28 PM [32m    LOG[39m [38;5;3m[RouterExplorer] [39m[32mMapped {/api/v1/mm/planning/requirements, GET} route[39m[38;5;3m +1ms[39m
[32m[Nest] 21676  - [39m10/09/2026, 2:08:28 PM [32m    LOG[39m [38;5;3m[RouterExplorer] [39m[32mMapped {/api/v1/mm/planning/shortages, GET} route[39m[38;5;3m +1ms[39m
[32m[Nest] 21676  - [39m10/09/2026, 2:08:28 PM [32m    LOG[39m [38;5;3m[RouterExplorer] [39m[32mMapped {/api/v1/mm/planning/bom-explosion-traces, GET} route[39m[38;5;3m +0ms[39m
[32m[Nest] 21676  - [39m10/09/2026, 2:08:28 PM [32m    LOG[39m [38;5;3m[RouterExplorer] [39m[32mMapped {/api/v1/mm/planning/planned-orders, GET} route[39m[38;5;3m +1ms[39m
[32m[Nest] 21676  - [39m10/09/2026, 2:08:28 PM [32m    LOG[39m [38;5;3m[RouterExplorer] [39m[32mMapped {/api/v1/mm/planning/suggestions, GET} route[39m[38;5;3m +1ms[39m
[32m[Nest] 21676  - [39m10/09/2026, 2:08:28 PM [32m    LOG[39m [38;5;3m[RouterExplorer] [39m[32mMapped {/api/v1/mm/planning/procurement-suggestions, GET} route[39m[38;5;3m +0ms[39m
[32m[Nest] 21676  - [39m10/09/2026, 2:08:28 PM [32m    LOG[39m [38;5;3m[RouterExplorer] [39m[32mMapped {/api/v1/mm/planning/suggestions/:id, GET} route[39m[38;5;3m +0ms[39m
[32m[Nest] 21676  - [39m10/09/2026, 2:08:28 PM [32m    LOG[39m [38;5;3m[RouterExplorer] [39m[32mMapped {/api/v1/mm/planning/suggestions/:id/convert-pr, POST} route[39m[38;5;3m +0ms[39m
[32m[Nest] 21676  - [39m10/09/2026, 2:08:28 PM [32m    LOG[39m [38;5;3m[RouterExplorer] [39m[32mMapped {/api/v1/mm/planning/suggestions/:id/create-pr, POST} route[39m[38;5;3m +1ms[39m
[32m[Nest] 21676  - [39m10/09/2026, 2:08:28 PM [32m    LOG[39m [38;5;3m[RouterExplorer] [39m[32mMapped {/api/v1/mm/planning/suggestions/:id/dismiss, POST} route[39m[38;5;3m +0ms[39m
[32m[Nest] 21676  - [39m10/09/2026, 2:08:28 PM [32m    LOG[39m [38;5;3m[RouterExplorer] [39m[32mMapped {/api/v1/mm/planning/projected-stock, GET} route[39m[38;5;3m +0ms[39m
[32m[Nest] 21676  - [39m10/09/2026, 2:08:28 PM [32m    LOG[39m [38;5;3m[RoutesResolver] [39m[32mSupplierPerformanceController {/api/v1/mm/supplier-performance}:[39m[38;5;3m +0ms[39m
[32m[Nest] 21676  - [39m10/09/2026, 2:08:28 PM [32m    LOG[39m [38;5;3m[RouterExplorer] [39m[32mMapped {/api/v1/mm/supplier-performance, GET} route[39m[38;5;3m +0ms[39m
[32m[Nest] 21676  - [39m10/09/2026, 2:08:28 PM [32m    LOG[39m [38;5;3m[RouterExplorer] [39m[32mMapped {/api/v1/mm/supplier-performance/weight-config, GET} route[39m[38;5;3m +1ms[39m
[32m[Nest] 21676  - [39m10/09/2026, 2:08:28 PM [32m    LOG[39m [38;5;3m[RouterExplorer] [39m[32mMapped {/api/v1/mm/supplier-performance/weight-config, PATCH} route[39m[38;5;3m +0ms[39m
[32m[Nest] 21676  - [39m10/09/2026, 2:08:28 PM [32m    LOG[39m [38;5;3m[RouterExplorer] [39m[32mMapped {/api/v1/mm/supplier-performance/alert-config, GET} route[39m[38;5;3m +0ms[39m
[32m[Nest] 21676  - [39m10/09/2026, 2:08:28 PM [32m    LOG[39m [38;5;3m[RouterExplorer] [39m[32mMapped {/api/v1/mm/supplier-performance/alert-config, PATCH} route[39m[38;5;3m +0ms[39m
[32m[Nest] 21676  - [39m10/09/2026, 2:08:28 PM [32m    LOG[39m [38;5;3m[RouterExplorer] [39m[32mMapped {/api/v1/mm/supplier-performance/evaluations/run, POST} route[39m[38;5;3m +1ms[39m
[32m[Nest] 21676  - [39m10/09/2026, 2:08:28 PM [32m    LOG[39m [38;5;3m[RouterExplorer] [39m[32mMapped {/api/v1/mm/supplier-performance/evaluations, GET} route[39m[38;5;3m +0ms[39m
[32m[Nest] 21676  - [39m10/09/2026, 2:08:28 PM [32m    LOG[39m [38;5;3m[RouterExplorer] [39m[32mMapped {/api/v1/mm/supplier-performance/evaluations/:id, GET} route[39m[38;5;3m +0ms[39m
[32m[Nest] 21676  - [39m10/09/2026, 2:08:28 PM [32m    LOG[39m [38;5;3m[RouterExplorer] [39m[32mMapped {/api/v1/mm/supplier-performance/dashboard, GET} route[39m[38;5;3m +0ms[39m
[32m[Nest] 21676  - [39m10/09/2026, 2:08:28 PM [32m    LOG[39m [38;5;3m[RouterExplorer] [39m[32mMapped {/api/v1/mm/supplier-performance/trends, GET} route[39m[38;5;3m +0ms[39m
[32m[Nest] 21676  - [39m10/09/2026, 2:08:28 PM [32m    LOG[39m [38;5;3m[RouterExplorer] [39m[32mMapped {/api/v1/mm/supplier-performance/compare, GET} route[39m[38;5;3m +1ms[39m
[32m[Nest] 21676  - [39m10/09/2026, 2:08:28 PM [32m    LOG[39m [38;5;3m[RouterExplorer] [39m[32mMapped {/api/v1/mm/supplier-performance/suppliers/:supplierId/detail, GET} route[39m[38;5;3m +0ms[39m
[32m[Nest] 21676  - [39m10/09/2026, 2:08:28 PM [32m    LOG[39m [38;5;3m[RouterExplorer] [39m[32mMapped {/api/v1/mm/supplier-performance/alerts, GET} route[39m[38;5;3m +0ms[39m
[32m[Nest] 21676  - [39m10/09/2026, 2:08:28 PM [32m    LOG[39m [38;5;3m[RouterExplorer] [39m[32mMapped {/api/v1/mm/supplier-performance/alerts/:id/acknowledge, POST} route[39m[38;5;3m +0ms[39m
[32m[Nest] 21676  - [39m10/09/2026, 2:08:28 PM [32m    LOG[39m [38;5;3m[RouterExplorer] [39m[32mMapped {/api/v1/mm/supplier-performance/alerts/:id/dismiss, POST} route[39m[38;5;3m +1ms[39m
[32m[Nest] 21676  - [39m10/09/2026, 2:08:28 PM [32m    LOG[39m [38;5;3m[RouterExplorer] [39m[32mMapped {/api/v1/mm/supplier-performance/manual-assessments, GET} route[39m[38;5;3m +0ms[39m
[32m[Nest] 21676  - [39m10/09/2026, 2:08:28 PM [32m    LOG[39m [38;5;3m[RouterExplorer] [39m[32mMapped {/api/v1/mm/supplier-performance/manual-assessments, POST} route[39m[38;5;3m +0ms[39m
[32m[Nest] 21676  - [39m10/09/2026, 2:08:28 PM [32m    LOG[39m [38;5;3m[RouterExplorer] [39m[32mMapped {/api/v1/mm/supplier-performance/manual-assessments/:id/submit, POST} route[39m[38;5;3m +0ms[39m
[32m[Nest] 21676  - [39m10/09/2026, 2:08:28 PM [32m    LOG[39m [38;5;3m[RouterExplorer] [39m[32mMapped {/api/v1/mm/supplier-performance/manual-assessments/:id/approve, POST} route[39m[38;5;3m +0ms[39m
[32m[Nest] 21676  - [39m10/09/2026, 2:08:28 PM [32m    LOG[39m [38;5;3m[RouterExplorer] [39m[32mMapped {/api/v1/mm/supplier-performance/manual-assessments/:id/cancel, POST} route[39m[38;5;3m +0ms[39m
[32m[Nest] 21676  - [39m10/09/2026, 2:08:28 PM [32m    LOG[39m [38;5;3m[RouterExplorer] [39m[32mMapped {/api/v1/mm/supplier-performance/:supplierId, GET} route[39m[38;5;3m +0ms[39m
[32m[Nest] 21676  - [39m10/09/2026, 2:08:28 PM [32m    LOG[39m [38;5;3m[RoutesResolver] [39m[32mReturnsDisposalController {/api/v1/mm/returns-disposal}:[39m[38;5;3m +0ms[39m
[32m[Nest] 21676  - [39m10/09/2026, 2:08:28 PM [32m    LOG[39m [38;5;3m[RouterExplorer] [39m[32mMapped {/api/v1/mm/returns-disposal/config, GET} route[39m[38;5;3m +1ms[39m
[32m[Nest] 21676  - [39m10/09/2026, 2:08:28 PM [32m    LOG[39m [38;5;3m[RouterExplorer] [39m[32mMapped {/api/v1/mm/returns-disposal/config, PATCH} route[39m[38;5;3m +0ms[39m
[32m[Nest] 21676  - [39m10/09/2026, 2:08:28 PM [32m    LOG[39m [38;5;3m[RouterExplorer] [39m[32mMapped {/api/v1/mm/returns-disposal/supplier-returns, GET} route[39m[38;5;3m +1ms[39m
[32m[Nest] 21676  - [39m10/09/2026, 2:08:28 PM [32m    LOG[39m [38;5;3m[RouterExplorer] [39m[32mMapped {/api/v1/mm/returns-disposal/supplier-returns, POST} route[39m[38;5;3m +0ms[39m
[32m[Nest] 21676  - [39m10/09/2026, 2:08:28 PM [32m    LOG[39m [38;5;3m[RouterExplorer] [39m[32mMapped {/api/v1/mm/returns-disposal/supplier-returns/from-balances, POST} route[39m[38;5;3m +0ms[39m
[32m[Nest] 21676  - [39m10/09/2026, 2:08:28 PM [32m    LOG[39m [38;5;3m[RouterExplorer] [39m[32mMapped {/api/v1/mm/returns-disposal/supplier-returns/:id, GET} route[39m[38;5;3m +0ms[39m
[32m[Nest] 21676  - [39m10/09/2026, 2:08:28 PM [32m    LOG[39m [38;5;3m[RouterExplorer] [39m[32mMapped {/api/v1/mm/returns-disposal/supplier-returns/:id, PATCH} route[39m[38;5;3m +0ms[39m
[32m[Nest] 21676  - [39m10/09/2026, 2:08:28 PM [32m    LOG[39m [38;5;3m[RouterExplorer] [39m[32mMapped {/api/v1/mm/returns-disposal/supplier-returns/:id/submit, POST} route[39m[38;5;3m +0ms[39m
[32m[Nest] 21676  - [39m10/09/2026, 2:08:28 PM [32m    LOG[39m [38;5;3m[RouterExplorer] [39m[32mMapped {/api/v1/mm/returns-disposal/supplier-returns/:id/approve, POST} route[39m[38;5;3m +0ms[39m
[32m[Nest] 21676  - [39m10/09/2026, 2:08:28 PM [32m    LOG[39m [38;5;3m[RouterExplorer] [39m[32mMapped {/api/v1/mm/returns-disposal/supplier-returns/:id/reject, POST} route[39m[38;5;3m +1ms[39m
[32m[Nest] 21676  - [39m10/09/2026, 2:08:28 PM [32m    LOG[39m [38;5;3m[RouterExplorer] [39m[32mMapped {/api/v1/mm/returns-disposal/supplier-returns/:id/ship, POST} route[39m[38;5;3m +0ms[39m
[32m[Nest] 21676  - [39m10/09/2026, 2:08:28 PM [32m    LOG[39m [38;5;3m[RouterExplorer] [39m[32mMapped {/api/v1/mm/returns-disposal/supplier-returns/:id/post, POST} route[39m[38;5;3m +0ms[39m
[32m[Nest] 21676  - [39m10/09/2026, 2:08:28 PM [32m    LOG[39m [38;5;3m[RouterExplorer] [39m[32mMapped {/api/v1/mm/returns-disposal/supplier-returns/:id/cancel, POST} route[39m[38;5;3m +0ms[39m
[32m[Nest] 21676  - [39m10/09/2026, 2:08:28 PM [32m    LOG[39m [38;5;3m[RouterExplorer] [39m[32mMapped {/api/v1/mm/returns-disposal/supplier-returns/:id/reverse, POST} route[39m[38;5;3m +0ms[39m
[32m[Nest] 21676  - [39m10/09/2026, 2:08:28 PM [32m    LOG[39m [38;5;3m[RouterExplorer] [39m[32mMapped {/api/v1/mm/returns-disposal/customer-returns, GET} route[39m[38;5;3m +0ms[39m
[32m[Nest] 21676  - [39m10/09/2026, 2:08:28 PM [32m    LOG[39m [38;5;3m[RouterExplorer] [39m[32mMapped {/api/v1/mm/returns-disposal/customer-returns, POST} route[39m[38;5;3m +1ms[39m
[32m[Nest] 21676  - [39m10/09/2026, 2:08:28 PM [32m    LOG[39m [38;5;3m[RouterExplorer] [39m[32mMapped {/api/v1/mm/returns-disposal/customer-returns/:id, GET} route[39m[38;5;3m +0ms[39m
[32m[Nest] 21676  - [39m10/09/2026, 2:08:28 PM [32m    LOG[39m [38;5;3m[RouterExplorer] [39m[32mMapped {/api/v1/mm/returns-disposal/customer-returns/:id, PATCH} route[39m[38;5;3m +0ms[39m
[32m[Nest] 21676  - [39m10/09/2026, 2:08:28 PM [32m    LOG[39m [38;5;3m[RouterExplorer] [39m[32mMapped {/api/v1/mm/returns-disposal/customer-returns/:id/intake, POST} route[39m[38;5;3m +0ms[39m
[32m[Nest] 21676  - [39m10/09/2026, 2:08:28 PM [32m    LOG[39m [38;5;3m[RouterExplorer] [39m[32mMapped {/api/v1/mm/returns-disposal/customer-returns/:id/inspection, POST} route[39m[38;5;3m +0ms[39m
[32m[Nest] 21676  - [39m10/09/2026, 2:08:28 PM [32m    LOG[39m [38;5;3m[RouterExplorer] [39m[32mMapped {/api/v1/mm/returns-disposal/customer-returns/lines/:lineId/disposition, POST} route[39m[38;5;3m +1ms[39m
[32m[Nest] 21676  - [39m10/09/2026, 2:08:28 PM [32m    LOG[39m [38;5;3m[RouterExplorer] [39m[32mMapped {/api/v1/mm/returns-disposal/customer-returns/:id/submit, POST} route[39m[38;5;3m +0ms[39m
[32m[Nest] 21676  - [39m10/09/2026, 2:08:28 PM [32m    LOG[39m [38;5;3m[RouterExplorer] [39m[32mMapped {/api/v1/mm/returns-disposal/customer-returns/:id/approve, POST} route[39m[38;5;3m +0ms[39m
[32m[Nest] 21676  - [39m10/09/2026, 2:08:28 PM [32m    LOG[39m [38;5;3m[RouterExplorer] [39m[32mMapped {/api/v1/mm/returns-disposal/customer-returns/:id/reject, POST} route[39m[38;5;3m +0ms[39m
[32m[Nest] 21676  - [39m10/09/2026, 2:08:28 PM [32m    LOG[39m [38;5;3m[RouterExplorer] [39m[32mMapped {/api/v1/mm/returns-disposal/customer-returns/:id/complete, POST} route[39m[38;5;3m +0ms[39m
[32m[Nest] 21676  - [39m10/09/2026, 2:08:28 PM [32m    LOG[39m [38;5;3m[RouterExplorer] [39m[32mMapped {/api/v1/mm/returns-disposal/customer-returns/:id/cancel, POST} route[39m[38;5;3m +0ms[39m
[32m[Nest] 21676  - [39m10/09/2026, 2:08:28 PM [32m    LOG[39m [38;5;3m[RouterExplorer] [39m[32mMapped {/api/v1/mm/returns-disposal/customer-returns/:id/reverse, POST} route[39m[38;5;3m +0ms[39m
[32m[Nest] 21676  - [39m10/09/2026, 2:08:28 PM [32m    LOG[39m [38;5;3m[RouterExplorer] [39m[32mMapped {/api/v1/mm/returns-disposal/disposals, GET} route[39m[38;5;3m +1ms[39m
[32m[Nest] 21676  - [39m10/09/2026, 2:08:28 PM [32m    LOG[39m [38;5;3m[RouterExplorer] [39m[32mMapped {/api/v1/mm/returns-disposal/disposals, POST} route[39m[38;5;3m +0ms[39m
[32m[Nest] 21676  - [39m10/09/2026, 2:08:28 PM [32m    LOG[39m [38;5;3m[RouterExplorer] [39m[32mMapped {/api/v1/mm/returns-disposal/disposals/from-balances, POST} route[39m[38;5;3m +0ms[39m
[32m[Nest] 21676  - [39m10/09/2026, 2:08:28 PM [32m    LOG[39m [38;5;3m[RouterExplorer] [39m[32mMapped {/api/v1/mm/returns-disposal/disposals/:id, GET} route[39m[38;5;3m +0ms[39m
[32m[Nest] 21676  - [39m10/09/2026, 2:08:28 PM [32m    LOG[39m [38;5;3m[RouterExplorer] [39m[32mMapped {/api/v1/mm/returns-disposal/disposals/:id, PATCH} route[39m[38;5;3m +0ms[39m
[32m[Nest] 21676  - [39m10/09/2026, 2:08:28 PM [32m    LOG[39m [38;5;3m[RouterExplorer] [39m[32mMapped {/api/v1/mm/returns-disposal/disposals/:id/submit, POST} route[39m[38;5;3m +0ms[39m
[32m[Nest] 21676  - [39m10/09/2026, 2:08:28 PM [32m    LOG[39m [38;5;3m[RouterExplorer] [39m[32mMapped {/api/v1/mm/returns-disposal/disposals/:id/approve, POST} route[39m[38;5;3m +0ms[39m
[32m[Nest] 21676  - [39m10/09/2026, 2:08:28 PM [32m    LOG[39m [38;5;3m[RouterExplorer] [39m[32mMapped {/api/v1/mm/returns-disposal/disposals/:id/reject, POST} route[39m[38;5;3m +1ms[39m
[32m[Nest] 21676  - [39m10/09/2026, 2:08:28 PM [32m    LOG[39m [38;5;3m[RouterExplorer] [39m[32mMapped {/api/v1/mm/returns-disposal/disposals/:id/post, POST} route[39m[38;5;3m +0ms[39m
[32m[Nest] 21676  - [39m10/09/2026, 2:08:28 PM [32m    LOG[39m [38;5;3m[RouterExplorer] [39m[32mMapped {/api/v1/mm/returns-disposal/disposals/:id/cancel, POST} route[39m[38;5;3m +0ms[39m
[32m[Nest] 21676  - [39m10/09/2026, 2:08:28 PM [32m    LOG[39m [38;5;3m[RouterExplorer] [39m[32mMapped {/api/v1/mm/returns-disposal/disposals/:id/reverse, POST} route[39m[38;5;3m +0ms[39m
[32m[Nest] 21676  - [39m10/09/2026, 2:08:28 PM [32m    LOG[39m [38;5;3m[RouterExplorer] [39m[32mMapped {/api/v1/mm/returns-disposal/damaged-stock, GET} route[39m[38;5;3m +0ms[39m
[32m[Nest] 21676  - [39m10/09/2026, 2:08:28 PM [32m    LOG[39m [38;5;3m[RouterExplorer] [39m[32mMapped {/api/v1/mm/returns-disposal/expired-stock, GET} route[39m[38;5;3m +0ms[39m
[32m[Nest] 21676  - [39m10/09/2026, 2:08:28 PM [32m    LOG[39m [38;5;3m[RouterExplorer] [39m[32mMapped {/api/v1/mm/returns-disposal/damaged-stock/identify, POST} route[39m[38;5;3m +1ms[39m
[32m[Nest] 21676  - [39m10/09/2026, 2:08:28 PM [32m    LOG[39m [38;5;3m[RouterExplorer] [39m[32mMapped {/api/v1/mm/returns-disposal/expired-stock/mark, POST} route[39m[38;5;3m +0ms[39m
[32m[Nest] 21676  - [39m10/09/2026, 2:08:28 PM [32m    LOG[39m [38;5;3m[RoutesResolver] [39m[32mReturnsController {/api/v1/mm/returns}:[39m[38;5;3m +0ms[39m
[32m[Nest] 21676  - [39m10/09/2026, 2:08:28 PM [32m    LOG[39m [38;5;3m[RouterExplorer] [39m[32mMapped {/api/v1/mm/returns/supplier, GET} route[39m[38;5;3m +0ms[39m
[32m[Nest] 21676  - [39m10/09/2026, 2:08:28 PM [32m    LOG[39m [38;5;3m[RouterExplorer] [39m[32mMapped {/api/v1/mm/returns/supplier, POST} route[39m[38;5;3m +0ms[39m
[32m[Nest] 21676  - [39m10/09/2026, 2:08:28 PM [32m    LOG[39m [38;5;3m[RouterExplorer] [39m[32mMapped {/api/v1/mm/returns/supplier/from-balances, POST} route[39m[38;5;3m +0ms[39m
[32m[Nest] 21676  - [39m10/09/2026, 2:08:28 PM [32m    LOG[39m [38;5;3m[RouterExplorer] [39m[32mMapped {/api/v1/mm/returns/supplier/:id, GET} route[39m[38;5;3m +1ms[39m
[32m[Nest] 21676  - [39m10/09/2026, 2:08:28 PM [32m    LOG[39m [38;5;3m[RouterExplorer] [39m[32mMapped {/api/v1/mm/returns/supplier/:id, PATCH} route[39m[38;5;3m +0ms[39m
[32m[Nest] 21676  - [39m10/09/2026, 2:08:28 PM [32m    LOG[39m [38;5;3m[RouterExplorer] [39m[32mMapped {/api/v1/mm/returns/supplier/:id/submit, POST} route[39m[38;5;3m +0ms[39m
[32m[Nest] 21676  - [39m10/09/2026, 2:08:28 PM [32m    LOG[39m [38;5;3m[RouterExplorer] [39m[32mMapped {/api/v1/mm/returns/supplier/:id/approve, POST} route[39m[38;5;3m +0ms[39m
[32m[Nest] 21676  - [39m10/09/2026, 2:08:28 PM [32m    LOG[39m [38;5;3m[RouterExplorer] [39m[32mMapped {/api/v1/mm/returns/supplier/:id/reject, POST} route[39m[38;5;3m +0ms[39m
[32m[Nest] 21676  - [39m10/09/2026, 2:08:28 PM [32m    LOG[39m [38;5;3m[RouterExplorer] [39m[32mMapped {/api/v1/mm/returns/supplier/:id/post, POST} route[39m[38;5;3m +0ms[39m
[32m[Nest] 21676  - [39m10/09/2026, 2:08:28 PM [32m    LOG[39m [38;5;3m[RouterExplorer] [39m[32mMapped {/api/v1/mm/returns/supplier/:id/ship, POST} route[39m[38;5;3m +0ms[39m
[32m[Nest] 21676  - [39m10/09/2026, 2:08:28 PM [32m    LOG[39m [38;5;3m[RouterExplorer] [39m[32mMapped {/api/v1/mm/returns/supplier/:id/cancel, POST} route[39m[38;5;3m +1ms[39m
[32m[Nest] 21676  - [39m10/09/2026, 2:08:28 PM [32m    LOG[39m [38;5;3m[RouterExplorer] [39m[32mMapped {/api/v1/mm/returns/supplier/:id/reverse, POST} route[39m[38;5;3m +0ms[39m
[32m[Nest] 21676  - [39m10/09/2026, 2:08:28 PM [32m    LOG[39m [38;5;3m[RouterExplorer] [39m[32mMapped {/api/v1/mm/returns/customer, GET} route[39m[38;5;3m +0ms[39m
[32m[Nest] 21676  - [39m10/09/2026, 2:08:28 PM [32m    LOG[39m [38;5;3m[RouterExplorer] [39m[32mMapped {/api/v1/mm/returns/customer, POST} route[39m[38;5;3m +0ms[39m
[32m[Nest] 21676  - [39m10/09/2026, 2:08:28 PM [32m    LOG[39m [38;5;3m[RouterExplorer] [39m[32mMapped {/api/v1/mm/returns/customer/:id, GET} route[39m[38;5;3m +0ms[39m
[32m[Nest] 21676  - [39m10/09/2026, 2:08:28 PM [32m    LOG[39m [38;5;3m[RouterExplorer] [39m[32mMapped {/api/v1/mm/returns/customer/:id, PATCH} route[39m[38;5;3m +0ms[39m
[32m[Nest] 21676  - [39m10/09/2026, 2:08:28 PM [32m    LOG[39m [38;5;3m[RouterExplorer] [39m[32mMapped {/api/v1/mm/returns/customer/:id/intake, POST} route[39m[38;5;3m +1ms[39m
[32m[Nest] 21676  - [39m10/09/2026, 2:08:28 PM [32m    LOG[39m [38;5;3m[RouterExplorer] [39m[32mMapped {/api/v1/mm/returns/customer/:id/inspect, POST} route[39m[38;5;3m +0ms[39m
[32m[Nest] 21676  - [39m10/09/2026, 2:08:28 PM [32m    LOG[39m [38;5;3m[RouterExplorer] [39m[32mMapped {/api/v1/mm/returns/customer/:id/disposition, POST} route[39m[38;5;3m +0ms[39m
[32m[Nest] 21676  - [39m10/09/2026, 2:08:28 PM [32m    LOG[39m [38;5;3m[RouterExplorer] [39m[32mMapped {/api/v1/mm/returns/customer/lines/:lineId/disposition, POST} route[39m[38;5;3m +0ms[39m
[32m[Nest] 21676  - [39m10/09/2026, 2:08:28 PM [32m    LOG[39m [38;5;3m[RouterExplorer] [39m[32mMapped {/api/v1/mm/returns/customer/:id/submit, POST} route[39m[38;5;3m +0ms[39m
[32m[Nest] 21676  - [39m10/09/2026, 2:08:28 PM [32m    LOG[39m [38;5;3m[RouterExplorer] [39m[32mMapped {/api/v1/mm/returns/customer/:id/approve, POST} route[39m[38;5;3m +0ms[39m
[32m[Nest] 21676  - [39m10/09/2026, 2:08:28 PM [32m    LOG[39m [38;5;3m[RouterExplorer] [39m[32mMapped {/api/v1/mm/returns/customer/:id/complete, POST} route[39m[38;5;3m +0ms[39m
[32m[Nest] 21676  - [39m10/09/2026, 2:08:28 PM [32m    LOG[39m [38;5;3m[RouterExplorer] [39m[32mMapped {/api/v1/mm/returns/expiry/block-expired, POST} route[39m[38;5;3m +1ms[39m
[32m[Nest] 21676  - [39m10/09/2026, 2:08:28 PM [32m    LOG[39m [38;5;3m[RoutesResolver] [39m[32mDisposalsController {/api/v1/mm/disposals}:[39m[38;5;3m +0ms[39m
[32m[Nest] 21676  - [39m10/09/2026, 2:08:28 PM [32m    LOG[39m [38;5;3m[RouterExplorer] [39m[32mMapped {/api/v1/mm/disposals, GET} route[39m[38;5;3m +0ms[39m
[32m[Nest] 21676  - [39m10/09/2026, 2:08:28 PM [32m    LOG[39m [38;5;3m[RouterExplorer] [39m[32mMapped {/api/v1/mm/disposals, POST} route[39m[38;5;3m +0ms[39m
[32m[Nest] 21676  - [39m10/09/2026, 2:08:28 PM [32m    LOG[39m [38;5;3m[RouterExplorer] [39m[32mMapped {/api/v1/mm/disposals/from-balances, POST} route[39m[38;5;3m +0ms[39m
[32m[Nest] 21676  - [39m10/09/2026, 2:08:28 PM [32m    LOG[39m [38;5;3m[RouterExplorer] [39m[32mMapped {/api/v1/mm/disposals/:id, GET} route[39m[38;5;3m +0ms[39m
[32m[Nest] 21676  - [39m10/09/2026, 2:08:28 PM [32m    LOG[39m [38;5;3m[RouterExplorer] [39m[32mMapped {/api/v1/mm/disposals/:id, PATCH} route[39m[38;5;3m +0ms[39m
[32m[Nest] 21676  - [39m10/09/2026, 2:08:28 PM [32m    LOG[39m [38;5;3m[RouterExplorer] [39m[32mMapped {/api/v1/mm/disposals/:id/submit, POST} route[39m[38;5;3m +0ms[39m
[32m[Nest] 21676  - [39m10/09/2026, 2:08:28 PM [32m    LOG[39m [38;5;3m[RouterExplorer] [39m[32mMapped {/api/v1/mm/disposals/:id/approve, POST} route[39m[38;5;3m +1ms[39m
[32m[Nest] 21676  - [39m10/09/2026, 2:08:28 PM [32m    LOG[39m [38;5;3m[RouterExplorer] [39m[32mMapped {/api/v1/mm/disposals/:id/reject, POST} route[39m[38;5;3m +0ms[39m
[32m[Nest] 21676  - [39m10/09/2026, 2:08:28 PM [32m    LOG[39m [38;5;3m[RouterExplorer] [39m[32mMapped {/api/v1/mm/disposals/:id/post, POST} route[39m[38;5;3m +0ms[39m
[32m[Nest] 21676  - [39m10/09/2026, 2:08:28 PM [32m    LOG[39m [38;5;3m[RouterExplorer] [39m[32mMapped {/api/v1/mm/disposals/:id/cancel, POST} route[39m[38;5;3m +0ms[39m
[32m[Nest] 21676  - [39m10/09/2026, 2:08:28 PM [32m    LOG[39m [38;5;3m[RouterExplorer] [39m[32mMapped {/api/v1/mm/disposals/:id/reverse, POST} route[39m[38;5;3m +0ms[39m
[32m[Nest] 21676  - [39m10/09/2026, 2:08:28 PM [32m    LOG[39m [38;5;3m[RoutesResolver] [39m[32mTraceabilityController {/api/v1/mm/traceability}:[39m[38;5;3m +0ms[39m
[32m[Nest] 21676  - [39m10/09/2026, 2:08:28 PM [32m    LOG[39m [38;5;3m[RouterExplorer] [39m[32mMapped {/api/v1/mm/traceability/batches/:id, GET} route[39m[38;5;3m +0ms[39m
[32m[Nest] 21676  - [39m10/09/2026, 2:08:28 PM [32m    LOG[39m [38;5;3m[RouterExplorer] [39m[32mMapped {/api/v1/mm/traceability/batches/:id/forward, GET} route[39m[38;5;3m +1ms[39m
[32m[Nest] 21676  - [39m10/09/2026, 2:08:28 PM [32m    LOG[39m [38;5;3m[RouterExplorer] [39m[32mMapped {/api/v1/mm/traceability/batches/:id/backward, GET} route[39m[38;5;3m +0ms[39m
[32m[Nest] 21676  - [39m10/09/2026, 2:08:28 PM [32m    LOG[39m [38;5;3m[RouterExplorer] [39m[32mMapped {/api/v1/mm/traceability/batches/:id/where-used, GET} route[39m[38;5;3m +0ms[39m
[32m[Nest] 21676  - [39m10/09/2026, 2:08:28 PM [32m    LOG[39m [38;5;3m[RouterExplorer] [39m[32mMapped {/api/v1/mm/traceability/serials/:id, GET} route[39m[38;5;3m +0ms[39m
[32m[Nest] 21676  - [39m10/09/2026, 2:08:28 PM [32m    LOG[39m [38;5;3m[RoutesResolver] [39m[32mScannerController {/api/v1/mm/scanner}:[39m[38;5;3m +0ms[39m
[32m[Nest] 21676  - [39m10/09/2026, 2:08:28 PM [32m    LOG[39m [38;5;3m[RouterExplorer] [39m[32mMapped {/api/v1/mm/scanner/events, POST} route[39m[38;5;3m +1ms[39m
[32m[Nest] 21676  - [39m10/09/2026, 2:08:28 PM [32m    LOG[39m [38;5;3m[RouterExplorer] [39m[32mMapped {/api/v1/mm/scanner/events/batch, POST} route[39m[38;5;3m +0ms[39m
[32m[Nest] 21676  - [39m10/09/2026, 2:08:28 PM [32m    LOG[39m [38;5;3m[RouterExplorer] [39m[32mMapped {/api/v1/mm/scanner/events, GET} route[39m[38;5;3m +0ms[39m
[32m[Nest] 21676  - [39m10/09/2026, 2:08:28 PM [32m    LOG[39m [38;5;3m[RouterExplorer] [39m[32mMapped {/api/v1/mm/scanner/resolve, GET} route[39m[38;5;3m +0ms[39m
[32m[Nest] 21676  - [39m10/09/2026, 2:08:28 PM [32m    LOG[39m [38;5;3m[RoutesResolver] [39m[32mMobileController {/api/v1/mm/mobile}:[39m[38;5;3m +0ms[39m
[32m[Nest] 21676  - [39m10/09/2026, 2:08:28 PM [32m    LOG[39m [38;5;3m[RouterExplorer] [39m[32mMapped {/api/v1/mm/mobile/devices/register, POST} route[39m[38;5;3m +0ms[39m
[32m[Nest] 21676  - [39m10/09/2026, 2:08:28 PM [32m    LOG[39m [38;5;3m[RouterExplorer] [39m[32mMapped {/api/v1/mm/mobile/devices/revoke, POST} route[39m[38;5;3m +1ms[39m
[32m[Nest] 21676  - [39m10/09/2026, 2:08:28 PM [32m    LOG[39m [38;5;3m[RouterExplorer] [39m[32mMapped {/api/v1/mm/mobile/receiving/scan, POST} route[39m[38;5;3m +0ms[39m
[32m[Nest] 21676  - [39m10/09/2026, 2:08:28 PM [32m    LOG[39m [38;5;3m[RouterExplorer] [39m[32mMapped {/api/v1/mm/mobile/picking/scan, POST} route[39m[38;5;3m +0ms[39m
[32m[Nest] 21676  - [39m10/09/2026, 2:08:28 PM [32m    LOG[39m [38;5;3m[RouterExplorer] [39m[32mMapped {/api/v1/mm/mobile/counting/scan, POST} route[39m[38;5;3m +0ms[39m
[32m[Nest] 21676  - [39m10/09/2026, 2:08:28 PM [32m    LOG[39m [38;5;3m[RouterExplorer] [39m[32mMapped {/api/v1/mm/mobile/sync, POST} route[39m[38;5;3m +0ms[39m
[32m[Nest] 21676  - [39m10/09/2026, 2:08:28 PM [32m    LOG[39m [38;5;3m[RoutesResolver] [39m[32mScannerResolvePostController {/api/v1/mm/scanner}:[39m[38;5;3m +0ms[39m
[32m[Nest] 21676  - [39m10/09/2026, 2:08:28 PM [32m    LOG[39m [38;5;3m[RouterExplorer] [39m[32mMapped {/api/v1/mm/scanner/resolve, POST} route[39m[38;5;3m +0ms[39m
[32m[Nest] 21676  - [39m10/09/2026, 2:08:28 PM [32m    LOG[39m [38;5;3m[RoutesResolver] [39m[32mDashboardController {/api/v1/mm/dashboard}:[39m[38;5;3m +0ms[39m
[32m[Nest] 21676  - [39m10/09/2026, 2:08:28 PM [32m    LOG[39m [38;5;3m[RouterExplorer] [39m[32mMapped {/api/v1/mm/dashboard, GET} route[39m[38;5;3m +1ms[39m
[32m[Nest] 21676  - [39m10/09/2026, 2:08:28 PM [32m    LOG[39m [38;5;3m[RouterExplorer] [39m[32mMapped {/api/v1/mm/dashboard/mm, GET} route[39m[38;5;3m +0ms[39m
[32m[Nest] 21676  - [39m10/09/2026, 2:08:28 PM [32m    LOG[39m [38;5;3m[RouterExplorer] [39m[32mMapped {/api/v1/mm/dashboard/kpis, GET} route[39m[38;5;3m +0ms[39m
[32m[Nest] 21676  - [39m10/09/2026, 2:08:28 PM [32m    LOG[39m [38;5;3m[RouterExplorer] [39m[32mMapped {/api/v1/mm/dashboard/alerts, GET} route[39m[38;5;3m +0ms[39m
[32m[Nest] 21676  - [39m10/09/2026, 2:08:28 PM [32m    LOG[39m [38;5;3m[RouterExplorer] [39m[32mMapped {/api/v1/mm/dashboard/analytics/:type, GET} route[39m[38;5;3m +0ms[39m
[32m[Nest] 21676  - [39m10/09/2026, 2:08:28 PM [32m    LOG[39m [38;5;3m[RouterExplorer] [39m[32mMapped {/api/v1/mm/dashboard/refresh, POST} route[39m[38;5;3m +1ms[39m
[32m[Nest] 21676  - [39m10/09/2026, 2:08:28 PM [32m    LOG[39m [38;5;3m[RoutesResolver] [39m[32mReportsController {/api/v1/mm/reports}:[39m[38;5;3m +0ms[39m
[32m[Nest] 21676  - [39m10/09/2026, 2:08:28 PM [32m    LOG[39m [38;5;3m[RouterExplorer] [39m[32mMapped {/api/v1/mm/reports/stock, GET} route[39m[38;5;3m +0ms[39m
[32m[Nest] 21676  - [39m10/09/2026, 2:08:28 PM [32m    LOG[39m [38;5;3m[RouterExplorer] [39m[32mMapped {/api/v1/mm/reports/inventory-valuation, GET} route[39m[38;5;3m +0ms[39m
[32m[Nest] 21676  - [39m10/09/2026, 2:08:28 PM [32m    LOG[39m [38;5;3m[RouterExplorer] [39m[32mMapped {/api/v1/mm/reports/aging, GET} route[39m[38;5;3m +0ms[39m
[32m[Nest] 21676  - [39m10/09/2026, 2:08:28 PM [32m    LOG[39m [38;5;3m[RouterExplorer] [39m[32mMapped {/api/v1/mm/reports/dead-stock, GET} route[39m[38;5;3m +1ms[39m
[32m[Nest] 21676  - [39m10/09/2026, 2:08:28 PM [32m    LOG[39m [38;5;3m[RouterExplorer] [39m[32mMapped {/api/v1/mm/reports/turnover, GET} route[39m[38;5;3m +0ms[39m
[32m[Nest] 21676  - [39m10/09/2026, 2:08:28 PM [32m    LOG[39m [38;5;3m[RouterExplorer] [39m[32mMapped {/api/v1/mm/reports/procurement, GET} route[39m[38;5;3m +0ms[39m
[32m[Nest] 21676  - [39m10/09/2026, 2:08:28 PM [32m    LOG[39m [38;5;3m[RouterExplorer] [39m[32mMapped {/api/v1/mm/reports/supplier-performance, GET} route[39m[38;5;3m +0ms[39m
[32m[Nest] 21676  - [39m10/09/2026, 2:08:28 PM [32m    LOG[39m [38;5;3m[RouterExplorer] [39m[32mMapped {/api/v1/mm/reports/warehouse-performance, GET} route[39m[38;5;3m +1ms[39m
[32m[Nest] 21676  - [39m10/09/2026, 2:08:28 PM [32m    LOG[39m [38;5;3m[RouterExplorer] [39m[32mMapped {/api/v1/mm/reports/stock-variance, GET} route[39m[38;5;3m +0ms[39m
[32m[Nest] 21676  - [39m10/09/2026, 2:08:28 PM [32m    LOG[39m [38;5;3m[RoutesResolver] [39m[32mAnalyticsController {/api/v1/mm/analytics}:[39m[38;5;3m +0ms[39m
[32m[Nest] 21676  - [39m10/09/2026, 2:08:28 PM [32m    LOG[39m [38;5;3m[RouterExplorer] [39m[32mMapped {/api/v1/mm/analytics/inventory, GET} route[39m[38;5;3m +0ms[39m
[32m[Nest] 21676  - [39m10/09/2026, 2:08:28 PM [32m    LOG[39m [38;5;3m[RouterExplorer] [39m[32mMapped {/api/v1/mm/analytics/procurement, GET} route[39m[38;5;3m +1ms[39m
[32m[Nest] 21676  - [39m10/09/2026, 2:08:28 PM [32m    LOG[39m [38;5;3m[RouterExplorer] [39m[32mMapped {/api/v1/mm/analytics/warehouse, GET} route[39m[38;5;3m +0ms[39m
[32m[Nest] 21676  - [39m10/09/2026, 2:08:28 PM [32m    LOG[39m [38;5;3m[RouterExplorer] [39m[32mMapped {/api/v1/mm/analytics/quality, GET} route[39m[38;5;3m +0ms[39m
[32m[Nest] 21676  - [39m10/09/2026, 2:08:28 PM [32m    LOG[39m [38;5;3m[RouterExplorer] [39m[32mMapped {/api/v1/mm/analytics/valuation, GET} route[39m[38;5;3m +0ms[39m
[32m[Nest] 21676  - [39m10/09/2026, 2:08:28 PM [32m    LOG[39m [38;5;3m[RoutesResolver] [39m[32mSalesOrderController {/api/v1/sd/sales-orders}:[39m[38;5;3m +0ms[39m
[32m[Nest] 21676  - [39m10/09/2026, 2:08:28 PM [32m    LOG[39m [38;5;3m[RouterExplorer] [39m[32mMapped {/api/v1/sd/sales-orders, GET} route[39m[38;5;3m +0ms[39m
[32m[Nest] 21676  - [39m10/09/2026, 2:08:28 PM [32m    LOG[39m [38;5;3m[RouterExplorer] [39m[32mMapped {/api/v1/sd/sales-orders, POST} route[39m[38;5;3m +1ms[39m
[32m[Nest] 21676  - [39m10/09/2026, 2:08:28 PM [32m    LOG[39m [38;5;3m[RouterExplorer] [39m[32mMapped {/api/v1/sd/sales-orders/retail, POST} route[39m[38;5;3m +0ms[39m
[32m[Nest] 21676  - [39m10/09/2026, 2:08:28 PM [32m    LOG[39m [38;5;3m[RouterExplorer] [39m[32mMapped {/api/v1/sd/sales-orders/retail/checkout, POST} route[39m[38;5;3m +0ms[39m
[32m[Nest] 21676  - [39m10/09/2026, 2:08:28 PM [32m    LOG[39m [38;5;3m[RouterExplorer] [39m[32mMapped {/api/v1/sd/sales-orders/retail/:id/status, PATCH} route[39m[38;5;3m +0ms[39m
[32m[Nest] 21676  - [39m10/09/2026, 2:08:28 PM [32m    LOG[39m [38;5;3m[RouterExplorer] [39m[32mMapped {/api/v1/sd/sales-orders/:id, GET} route[39m[38;5;3m +0ms[39m
[32m[Nest] 21676  - [39m10/09/2026, 2:08:28 PM [32m    LOG[39m [38;5;3m[RouterExplorer] [39m[32mMapped {/api/v1/sd/sales-orders/:id/confirm, POST} route[39m[38;5;3m +0ms[39m
[32m[Nest] 21676  - [39m10/09/2026, 2:08:28 PM [32m    LOG[39m [38;5;3m[RouterExplorer] [39m[32mMapped {/api/v1/sd/sales-orders/:id/cancel, POST} route[39m[38;5;3m +0ms[39m
[32m[Nest] 21676  - [39m10/09/2026, 2:08:28 PM [32m    LOG[39m [38;5;3m[RouterExplorer] [39m[32mMapped {/api/v1/sd/sales-orders/:id/lines/:lineId/quantity, PATCH} route[39m[38;5;3m +1ms[39m
[32m[Nest] 21676  - [39m10/09/2026, 2:08:28 PM [32m    LOG[39m [38;5;3m[RouterExplorer] [39m[32mMapped {/api/v1/sd/sales-orders/:id/issue, POST} route[39m[38;5;3m +0ms[39m
[32m[Nest] 21676  - [39m10/09/2026, 2:08:28 PM [32m    LOG[39m [38;5;3m[RoutesResolver] [39m[32mCustomerController {/api/v1/sd/customers}:[39m[38;5;3m +0ms[39m
[32m[Nest] 21676  - [39m10/09/2026, 2:08:28 PM [32m    LOG[39m [38;5;3m[RouterExplorer] [39m[32mMapped {/api/v1/sd/customers, GET} route[39m[38;5;3m +1ms[39m
[32m[Nest] 21676  - [39m10/09/2026, 2:08:28 PM [32m    LOG[39m [38;5;3m[RouterExplorer] [39m[32mMapped {/api/v1/sd/customers/:id, GET} route[39m[38;5;3m +0ms[39m
[32m[Nest] 21676  - [39m10/09/2026, 2:08:28 PM [32m    LOG[39m [38;5;3m[RouterExplorer] [39m[32mMapped {/api/v1/sd/customers, POST} route[39m[38;5;3m +0ms[39m
[32m[Nest] 21676  - [39m10/09/2026, 2:08:28 PM [32m    LOG[39m [38;5;3m[RouterExplorer] [39m[32mMapped {/api/v1/sd/customers/:id, PATCH} route[39m[38;5;3m +0ms[39m
[32m[Nest] 21676  - [39m10/09/2026, 2:08:28 PM [32m    LOG[39m [38;5;3m[RoutesResolver] [39m[32mProductController {/api/v1/sd/products}:[39m[38;5;3m +0ms[39m
[32m[Nest] 21676  - [39m10/09/2026, 2:08:28 PM [32m    LOG[39m [38;5;3m[RouterExplorer] [39m[32mMapped {/api/v1/sd/products, GET} route[39m[38;5;3m +1ms[39m
[32m[Nest] 21676  - [39m10/09/2026, 2:08:28 PM [32m    LOG[39m [38;5;3m[RouterExplorer] [39m[32mMapped {/api/v1/sd/products/images, POST} route[39m[38;5;3m +0ms[39m
[32m[Nest] 21676  - [39m10/09/2026, 2:08:28 PM [32m    LOG[39m [38;5;3m[RouterExplorer] [39m[32mMapped {/api/v1/sd/products/videos, POST} route[39m[38;5;3m +0ms[39m
[32m[Nest] 21676  - [39m10/09/2026, 2:08:28 PM [32m    LOG[39m [38;5;3m[RouterExplorer] [39m[32mMapped {/api/v1/sd/products/suggested-sku, GET} route[39m[38;5;3m +0ms[39m
[32m[Nest] 21676  - [39m10/09/2026, 2:08:28 PM [32m    LOG[39m [38;5;3m[RouterExplorer] [39m[32mMapped {/api/v1/sd/products/storefront/availability, GET} route[39m[38;5;3m +1ms[39m
[32m[Nest] 21676  - [39m10/09/2026, 2:08:28 PM [32m    LOG[39m [38;5;3m[RouterExplorer] [39m[32mMapped {/api/v1/sd/products/:id/availability, GET} route[39m[38;5;3m +0ms[39m
[32m[Nest] 21676  - [39m10/09/2026, 2:08:28 PM [32m    LOG[39m [38;5;3m[RouterExplorer] [39m[32mMapped {/api/v1/sd/products/:id, GET} route[39m[38;5;3m +0ms[39m
[32m[Nest] 21676  - [39m10/09/2026, 2:08:28 PM [32m    LOG[39m [38;5;3m[RouterExplorer] [39m[32mMapped {/api/v1/sd/products, POST} route[39m[38;5;3m +0ms[39m
[32m[Nest] 21676  - [39m10/09/2026, 2:08:28 PM [32m    LOG[39m [38;5;3m[RouterExplorer] [39m[32mMapped {/api/v1/sd/products/:id, PATCH} route[39m[38;5;3m +0ms[39m
[32m[Nest] 21676  - [39m10/09/2026, 2:08:28 PM [32m    LOG[39m [38;5;3m[RouterExplorer] [39m[32mMapped {/api/v1/sd/products/:id, DELETE} route[39m[38;5;3m +1ms[39m
[32m[Nest] 21676  - [39m10/09/2026, 2:08:28 PM [32m    LOG[39m [38;5;3m[RoutesResolver] [39m[32mProductMaterialAssignmentController {/api/v1/sd/product-material-assignments}:[39m[38;5;3m +0ms[39m
[32m[Nest] 21676  - [39m10/09/2026, 2:08:28 PM [32m    LOG[39m [38;5;3m[RouterExplorer] [39m[32mMapped {/api/v1/sd/product-material-assignments/by-product/:productId, GET} route[39m[38;5;3m +0ms[39m
[32m[Nest] 21676  - [39m10/09/2026, 2:08:28 PM [32m    LOG[39m [38;5;3m[RouterExplorer] [39m[32mMapped {/api/v1/sd/product-material-assignments, POST} route[39m[38;5;3m +0ms[39m
[32m[Nest] 21676  - [39m10/09/2026, 2:08:28 PM [32m    LOG[39m [38;5;3m[RouterExplorer] [39m[32mMapped {/api/v1/sd/product-material-assignments/:id, DELETE} route[39m[38;5;3m +0ms[39m
[32m[Nest] 21676  - [39m10/09/2026, 2:08:28 PM [32m    LOG[39m [38;5;3m[RouterExplorer] [39m[32mMapped {/api/v1/sd/product-material-assignments/by-material/:materialId, GET} route[39m[38;5;3m +1ms[39m
[32m[Nest] 21676  - [39m10/09/2026, 2:08:28 PM [32m    LOG[39m [38;5;3m[RoutesResolver] [39m[32mSdMaterialReferenceController {/api/v1/sd/material-catalog-reference}:[39m[38;5;3m +0ms[39m
[32m[Nest] 21676  - [39m10/09/2026, 2:08:28 PM [32m    LOG[39m [38;5;3m[RouterExplorer] [39m[32mMapped {/api/v1/sd/material-catalog-reference/batch/preview, GET} route[39m[38;5;3m +0ms[39m
[32m[Nest] 21676  - [39m10/09/2026, 2:08:28 PM [32m    LOG[39m [38;5;3m[RouterExplorer] [39m[32mMapped {/api/v1/sd/material-catalog-reference/:materialId, GET} route[39m[38;5;3m +1ms[39m
[32m[Nest] 21676  - [39m10/09/2026, 2:08:28 PM [32m    LOG[39m [38;5;3m[RoutesResolver] [39m[32mQuotationController {/api/v1/sd/quotations}:[39m[38;5;3m +0ms[39m
[32m[Nest] 21676  - [39m10/09/2026, 2:08:28 PM [32m    LOG[39m [38;5;3m[RouterExplorer] [39m[32mMapped {/api/v1/sd/quotations, GET} route[39m[38;5;3m +0ms[39m
[32m[Nest] 21676  - [39m10/09/2026, 2:08:28 PM [32m    LOG[39m [38;5;3m[RouterExplorer] [39m[32mMapped {/api/v1/sd/quotations/:id, GET} route[39m[38;5;3m +0ms[39m
[32m[Nest] 21676  - [39m10/09/2026, 2:08:28 PM [32m    LOG[39m [38;5;3m[RouterExplorer] [39m[32mMapped {/api/v1/sd/quotations/:id/pdf, GET} route[39m[38;5;3m +0ms[39m
[32m[Nest] 21676  - [39m10/09/2026, 2:08:28 PM [32m    LOG[39m [38;5;3m[RouterExplorer] [39m[32mMapped {/api/v1/sd/quotations/:id, PATCH} route[39m[38;5;3m +1ms[39m
[32m[Nest] 21676  - [39m10/09/2026, 2:08:28 PM [32m    LOG[39m [38;5;3m[RouterExplorer] [39m[32mMapped {/api/v1/sd/quotations/:id/send, POST} route[39m[38;5;3m +0ms[39m
[32m[Nest] 21676  - [39m10/09/2026, 2:08:28 PM [32m    LOG[39m [38;5;3m[RouterExplorer] [39m[32mMapped {/api/v1/sd/quotations/:id/revise, POST} route[39m[38;5;3m +0ms[39m
[32m[Nest] 21676  - [39m10/09/2026, 2:08:28 PM [32m    LOG[39m [38;5;3m[RouterExplorer] [39m[32mMapped {/api/v1/sd/quotations/:id/accept, POST} route[39m[38;5;3m +0ms[39m
[32m[Nest] 21676  - [39m10/09/2026, 2:08:28 PM [32m    LOG[39m [38;5;3m[RouterExplorer] [39m[32mMapped {/api/v1/sd/quotations/:id/reject, POST} route[39m[38;5;3m +0ms[39m
[32m[Nest] 21676  - [39m10/09/2026, 2:08:28 PM [32m    LOG[39m [38;5;3m[RouterExplorer] [39m[32mMapped {/api/v1/sd/quotations/:id/cancel, POST} route[39m[38;5;3m +0ms[39m
[32m[Nest] 21676  - [39m10/09/2026, 2:08:28 PM [32m    LOG[39m [38;5;3m[RoutesResolver] [39m[32mSalesReturnController {/api/v1/sd/sales-returns}:[39m[38;5;3m +0ms[39m
[32m[Nest] 21676  - [39m10/09/2026, 2:08:28 PM [32m    LOG[39m [38;5;3m[RouterExplorer] [39m[32mMapped {/api/v1/sd/sales-returns, GET} route[39m[38;5;3m +1ms[39m
[32m[Nest] 21676  - [39m10/09/2026, 2:08:28 PM [32m    LOG[39m [38;5;3m[RouterExplorer] [39m[32mMapped {/api/v1/sd/sales-returns, POST} route[39m[38;5;3m +0ms[39m
[32m[Nest] 21676  - [39m10/09/2026, 2:08:28 PM [32m    LOG[39m [38;5;3m[RouterExplorer] [39m[32mMapped {/api/v1/sd/sales-returns/:id, GET} route[39m[38;5;3m +0ms[39m
[32m[Nest] 21676  - [39m10/09/2026, 2:08:28 PM [32m    LOG[39m [38;5;3m[RouterExplorer] [39m[32mMapped {/api/v1/sd/sales-returns/:id/authorize, POST} route[39m[38;5;3m +0ms[39m
[32m[Nest] 21676  - [39m10/09/2026, 2:08:28 PM [32m    LOG[39m [38;5;3m[RouterExplorer] [39m[32mMapped {/api/v1/sd/sales-returns/:id/reject, POST} route[39m[38;5;3m +0ms[39m
[32m[Nest] 21676  - [39m10/09/2026, 2:08:28 PM [32m    LOG[39m [38;5;3m[RouterExplorer] [39m[32mMapped {/api/v1/sd/sales-returns/:id/cancel, POST} route[39m[38;5;3m +1ms[39m
[32m[Nest] 21676  - [39m10/09/2026, 2:08:28 PM [32m    LOG[39m [38;5;3m[RouterExplorer] [39m[32mMapped {/api/v1/sd/sales-returns/:id/initiate-intake, POST} route[39m[38;5;3m +0ms[39m
[32m[Nest] 21676  - [39m10/09/2026, 2:08:28 PM [32m    LOG[39m [38;5;3m[RoutesResolver] [39m[32mSdIntegrationController {/api/v1/mm/integration/sd}:[39m[38;5;3m +0ms[39m
[32m[Nest] 21676  - [39m10/09/2026, 2:08:28 PM [32m    LOG[39m [38;5;3m[RouterExplorer] [39m[32mMapped {/api/v1/mm/integration/sd/availability/check, POST} route[39m[38;5;3m +0ms[39m
[32m[Nest] 21676  - [39m10/09/2026, 2:08:28 PM [32m    LOG[39m [38;5;3m[RouterExplorer] [39m[32mMapped {/api/v1/mm/integration/sd/availability/check-batch, POST} route[39m[38;5;3m +0ms[39m
[32m[Nest] 21676  - [39m10/09/2026, 2:08:28 PM [32m    LOG[39m [38;5;3m[RouterExplorer] [39m[32mMapped {/api/v1/mm/integration/sd/availability/check-date, POST} route[39m[38;5;3m +0ms[39m
[32m[Nest] 21676  - [39m10/09/2026, 2:08:28 PM [32m    LOG[39m [38;5;3m[RouterExplorer] [39m[32mMapped {/api/v1/mm/integration/sd/reservations, POST} route[39m[38;5;3m +1ms[39m
[32m[Nest] 21676  - [39m10/09/2026, 2:08:28 PM [32m    LOG[39m [38;5;3m[RouterExplorer] [39m[32mMapped {/api/v1/mm/integration/sd/reservations/by-source/:sourceDocumentId/release, POST} route[39m[38;5;3m +0ms[39m
[32m[Nest] 21676  - [39m10/09/2026, 2:08:28 PM [32m    LOG[39m [38;5;3m[RouterExplorer] [39m[32mMapped {/api/v1/mm/integration/sd/reservations/by-source/:sourceDocumentId/adjust, POST} route[39m[38;5;3m +0ms[39m
[32m[Nest] 21676  - [39m10/09/2026, 2:08:28 PM [32m    LOG[39m [38;5;3m[RouterExplorer] [39m[32mMapped {/api/v1/mm/integration/sd/reservations/by-source/:sourceDocumentId/status, GET} route[39m[38;5;3m +0ms[39m
[32m[Nest] 21676  - [39m10/09/2026, 2:08:28 PM [32m    LOG[39m [38;5;3m[RoutesResolver] [39m[32mDemandIntegrationController {/api/v1/mm/integration/demand}:[39m[38;5;3m +0ms[39m
[32m[Nest] 21676  - [39m10/09/2026, 2:08:28 PM [32m    LOG[39m [38;5;3m[RouterExplorer] [39m[32mMapped {/api/v1/mm/integration/demand/providers, GET} route[39m[38;5;3m +1ms[39m
[32m[Nest] 21676  - [39m10/09/2026, 2:08:28 PM [32m    LOG[39m [38;5;3m[RouterExplorer] [39m[32mMapped {/api/v1/mm/integration/demand/open, GET} route[39m[38;5;3m +0ms[39m
[32m[Nest] 21676  - [39m10/09/2026, 2:08:28 PM [32m    LOG[39m [38;5;3m[RouterExplorer] [39m[32mMapped {/api/v1/mm/integration/demand/sync, POST} route[39m[38;5;3m +0ms[39m
[32m[Nest] 21676  - [39m10/09/2026, 2:08:28 PM [32m    LOG[39m [38;5;3m[RouterExplorer] [39m[32mMapped {/api/v1/mm/integration/demand/sync/batch, POST} route[39m[38;5;3m +0ms[39m
[32m[Nest] 21676  - [39m10/09/2026, 2:08:28 PM [32m    LOG[39m [38;5;3m[RouterExplorer] [39m[32mMapped {/api/v1/mm/integration/demand/cancel-by-source, POST} route[39m[38;5;3m +0ms[39m
[32m[Nest] 21676  - [39m10/09/2026, 2:08:28 PM [32m    LOG[39m [38;5;3m[RoutesResolver] [39m[32mProductionIntegrationController {/api/v1/mm/integration/production}:[39m[38;5;3m +0ms[39m
[32m[Nest] 21676  - [39m10/09/2026, 2:08:28 PM [32m    LOG[39m [38;5;3m[RouterExplorer] [39m[32mMapped {/api/v1/mm/integration/production/availability/check, POST} route[39m[38;5;3m +1ms[39m
[32m[Nest] 21676  - [39m10/09/2026, 2:08:28 PM [32m    LOG[39m [38;5;3m[RouterExplorer] [39m[32mMapped {/api/v1/mm/integration/production/availability/check-batch, POST} route[39m[38;5;3m +0ms[39m
[32m[Nest] 21676  - [39m10/09/2026, 2:08:28 PM [32m    LOG[39m [38;5;3m[RouterExplorer] [39m[32mMapped {/api/v1/mm/integration/production/availability/check-date, POST} route[39m[38;5;3m +0ms[39m
[32m[Nest] 21676  - [39m10/09/2026, 2:08:28 PM [32m    LOG[39m [38;5;3m[RouterExplorer] [39m[32mMapped {/api/v1/mm/integration/production/reservations, POST} route[39m[38;5;3m +0ms[39m
[32m[Nest] 21676  - [39m10/09/2026, 2:08:28 PM [32m    LOG[39m [38;5;3m[RouterExplorer] [39m[32mMapped {/api/v1/mm/integration/production/reservations/by-source/:sourceDocumentId/release, POST} route[39m[38;5;3m +0ms[39m
[32m[Nest] 21676  - [39m10/09/2026, 2:08:28 PM [32m    LOG[39m [38;5;3m[RouterExplorer] [39m[32mMapped {/api/v1/mm/integration/production/reservations/by-source/:sourceDocumentId/adjust, POST} route[39m[38;5;3m +0ms[39m
[32m[Nest] 21676  - [39m10/09/2026, 2:08:28 PM [32m    LOG[39m [38;5;3m[RouterExplorer] [39m[32mMapped {/api/v1/mm/integration/production/reservations/by-source/:sourceDocumentId/status, GET} route[39m[38;5;3m +1ms[39m
[32m[Nest] 21676  - [39m10/09/2026, 2:08:28 PM [32m    LOG[39m [38;5;3m[RouterExplorer] [39m[32mMapped {/api/v1/mm/integration/production/components/issue, POST} route[39m[38;5;3m +0ms[39m
[32m[Nest] 21676  - [39m10/09/2026, 2:08:28 PM [32m    LOG[39m [38;5;3m[RouterExplorer] [39m[32mMapped {/api/v1/mm/integration/production/output/receive, POST} route[39m[38;5;3m +0ms[39m
[32m[Nest] 21676  - [39m10/09/2026, 2:08:28 PM [32m    LOG[39m [38;5;3m[RoutesResolver] [39m[32mFicoIntegrationController {/api/v1/mm/integration/fico}:[39m[38;5;3m +0ms[39m
[32m[Nest] 21676  - [39m10/09/2026, 2:08:28 PM [32m    LOG[39m [38;5;3m[RouterExplorer] [39m[32mMapped {/api/v1/mm/integration/fico/reconciliation, GET} route[39m[38;5;3m +0ms[39m
[32m[Nest] 21676  - [39m10/09/2026, 2:08:28 PM [32m    LOG[39m [38;5;3m[RoutesResolver] [39m[32mFicoController {/api/v1/fico}:[39m[38;5;3m +0ms[39m
[32m[Nest] 21676  - [39m10/09/2026, 2:08:28 PM [32m    LOG[39m [38;5;3m[RouterExplorer] [39m[32mMapped {/api/v1/fico/periods, GET} route[39m[38;5;3m +1ms[39m
[32m[Nest] 21676  - [39m10/09/2026, 2:08:28 PM [32m    LOG[39m [38;5;3m[RouterExplorer] [39m[32mMapped {/api/v1/fico/periods, POST} route[39m[38;5;3m +0ms[39m
[32m[Nest] 21676  - [39m10/09/2026, 2:08:28 PM [32m    LOG[39m [38;5;3m[RouterExplorer] [39m[32mMapped {/api/v1/fico/periods/status, PATCH} route[39m[38;5;3m +0ms[39m
[32m[Nest] 21676  - [39m10/09/2026, 2:08:28 PM [32m    LOG[39m [38;5;3m[RouterExplorer] [39m[32mMapped {/api/v1/fico/reconciliation, GET} route[39m[38;5;3m +0ms[39m
[32m[Nest] 21676  - [39m10/09/2026, 2:08:28 PM [32m    LOG[39m [38;5;3m[RoutesResolver] [39m[32mDocumentFlowController {/api/v1/mm/document-flow}:[39m[38;5;3m +0ms[39m
[32m[Nest] 21676  - [39m10/09/2026, 2:08:28 PM [32m    LOG[39m [38;5;3m[RouterExplorer] [39m[32mMapped {/api/v1/mm/document-flow/:documentType/:documentId, GET} route[39m[38;5;3m +1ms[39m
[32m[Nest] 21676  - [39m10/09/2026, 2:08:28 PM [32m    LOG[39m [38;5;3m[RoutesResolver] [39m[32mExceptionCenterController {/api/v1/mm/exceptions}:[39m[38;5;3m +0ms[39m
[32m[Nest] 21676  - [39m10/09/2026, 2:08:28 PM [32m    LOG[39m [38;5;3m[RouterExplorer] [39m[32mMapped {/api/v1/mm/exceptions, GET} route[39m[38;5;3m +0ms[39m
[32m[Nest] 21676  - [39m10/09/2026, 2:08:28 PM [32m    LOG[39m [38;5;3m[RouterExplorer] [39m[32mMapped {/api/v1/mm/exceptions/counts, GET} route[39m[38;5;3m +0ms[39m
[32m[Nest] 21676  - [39m10/09/2026, 2:08:28 PM [32m    LOG[39m [38;5;3m[RouterExplorer] [39m[32mMapped {/api/v1/mm/exceptions/:id, GET} route[39m[38;5;3m +0ms[39m
[32m[Nest] 21676  - [39m10/09/2026, 2:08:28 PM [32m    LOG[39m [38;5;3m[RoutesResolver] [39m[32mProductionOrderController {/api/v1/pp}:[39m[38;5;3m +0ms[39m
[32m[Nest] 21676  - [39m10/09/2026, 2:08:28 PM [32m    LOG[39m [38;5;3m[RouterExplorer] [39m[32mMapped {/api/v1/pp/boms, POST} route[39m[38;5;3m +0ms[39m
[32m[Nest] 21676  - [39m10/09/2026, 2:08:28 PM [32m    LOG[39m [38;5;3m[RouterExplorer] [39m[32mMapped {/api/v1/pp/production-orders, POST} route[39m[38;5;3m +1ms[39m
[32m[Nest] 21676  - [39m10/09/2026, 2:08:28 PM [32m    LOG[39m [38;5;3m[RouterExplorer] [39m[32mMapped {/api/v1/pp/production-orders/:id, GET} route[39m[38;5;3m +8ms[39m
[32m[Nest] 21676  - [39m10/09/2026, 2:08:28 PM [32m    LOG[39m [38;5;3m[RouterExplorer] [39m[32mMapped {/api/v1/pp/production-orders/:id/release, POST} route[39m[38;5;3m +1ms[39m
[32m[Nest] 21676  - [39m10/09/2026, 2:08:28 PM [32m    LOG[39m [38;5;3m[RouterExplorer] [39m[32mMapped {/api/v1/pp/production-orders/:id/cancel, POST} route[39m[38;5;3m +0ms[39m
[32m[Nest] 21676  - [39m10/09/2026, 2:08:28 PM [32m    LOG[39m [38;5;3m[RouterExplorer] [39m[32mMapped {/api/v1/pp/production-orders/:id/materials/:lineId/quantity, PATCH} route[39m[38;5;3m +0ms[39m
[32m[Nest] 21676  - [39m10/09/2026, 2:08:28 PM [32m    LOG[39m [38;5;3m[RouterExplorer] [39m[32mMapped {/api/v1/pp/production-orders/:id/issue, POST} route[39m[38;5;3m +0ms[39m
[32m[Nest] 21676  - [39m10/09/2026, 2:08:28 PM [32m    LOG[39m [38;5;3m[RouterExplorer] [39m[32mMapped {/api/v1/pp/production-orders/:id/output, POST} route[39m[38;5;3m +0ms[39m
[32m[Nest] 21676  - [39m10/09/2026, 2:08:28 PM [32m    LOG[39m [38;5;3m[RoutesResolver] [39m[32mRetailClientController {/api/v1/retail/clients}:[39m[38;5;3m +0ms[39m
[32m[Nest] 21676  - [39m10/09/2026, 2:08:28 PM [32m    LOG[39m [38;5;3m[RouterExplorer] [39m[32mMapped {/api/v1/retail/clients/register, POST} route[39m[38;5;3m +1ms[39m
[32m[Nest] 21676  - [39m10/09/2026, 2:08:28 PM [32m    LOG[39m [38;5;3m[RouterExplorer] [39m[32mMapped {/api/v1/retail/clients/login, POST} route[39m[38;5;3m +0ms[39m
[32m[Nest] 21676  - [39m10/09/2026, 2:08:28 PM [32m    LOG[39m [38;5;3m[RouterExplorer] [39m[32mMapped {/api/v1/retail/clients/me, GET} route[39m[38;5;3m +0ms[39m
[32m[Nest] 21676  - [39m10/09/2026, 2:08:28 PM [32m    LOG[39m [38;5;3m[RouterExplorer] [39m[32mMapped {/api/v1/retail/clients/me, PATCH} route[39m[38;5;3m +1ms[39m
[32m[Nest] 21676  - [39m10/09/2026, 2:08:28 PM [32m    LOG[39m [38;5;3m[RouterExplorer] [39m[32mMapped {/api/v1/retail/clients/me/addresses, GET} route[39m[38;5;3m +0ms[39m
[32m[Nest] 21676  - [39m10/09/2026, 2:08:28 PM [32m    LOG[39m [38;5;3m[RouterExplorer] [39m[32mMapped {/api/v1/retail/clients/me/addresses, POST} route[39m[38;5;3m +0ms[39m
[32m[Nest] 21676  - [39m10/09/2026, 2:08:28 PM [32m    LOG[39m [38;5;3m[RouterExplorer] [39m[32mMapped {/api/v1/retail/clients/me/addresses/geocode/search, GET} route[39m[38;5;3m +0ms[39m
[32m[Nest] 21676  - [39m10/09/2026, 2:08:28 PM [32m    LOG[39m [38;5;3m[RouterExplorer] [39m[32mMapped {/api/v1/retail/clients/me/addresses/geocode/reverse, GET} route[39m[38;5;3m +0ms[39m
[32m[Nest] 21676  - [39m10/09/2026, 2:08:28 PM [32m    LOG[39m [38;5;3m[RouterExplorer] [39m[32mMapped {/api/v1/retail/clients/me/addresses/:addressId, GET} route[39m[38;5;3m +1ms[39m
[32m[Nest] 21676  - [39m10/09/2026, 2:08:28 PM [32m    LOG[39m [38;5;3m[RouterExplorer] [39m[32mMapped {/api/v1/retail/clients/me/addresses/:addressId, PATCH} route[39m[38;5;3m +0ms[39m
[32m[Nest] 21676  - [39m10/09/2026, 2:08:28 PM [32m    LOG[39m [38;5;3m[RouterExplorer] [39m[32mMapped {/api/v1/retail/clients/me/addresses/:addressId/default, PATCH} route[39m[38;5;3m +1ms[39m
[32m[Nest] 21676  - [39m10/09/2026, 2:08:28 PM [32m    LOG[39m [38;5;3m[RouterExplorer] [39m[32mMapped {/api/v1/retail/clients/me/addresses/:addressId, DELETE} route[39m[38;5;3m +0ms[39m
[32m[Nest] 21676  - [39m10/09/2026, 2:08:28 PM [32m    LOG[39m [38;5;3m[RouterExplorer] [39m[32mMapped {/api/v1/retail/clients/cart, GET} route[39m[38;5;3m +0ms[39m
[32m[Nest] 21676  - [39m10/09/2026, 2:08:28 PM [32m    LOG[39m [38;5;3m[RouterExplorer] [39m[32mMapped {/api/v1/retail/clients/cart, PUT} route[39m[38;5;3m +0ms[39m
[32m[Nest] 21676  - [39m10/09/2026, 2:08:28 PM [32m    LOG[39m [38;5;3m[RoutesResolver] [39m[32mCrmLeadsController {/api/v1/crm/leads}:[39m[38;5;3m +0ms[39m
[32m[Nest] 21676  - [39m10/09/2026, 2:08:28 PM [32m    LOG[39m [38;5;3m[RouterExplorer] [39m[32mMapped {/api/v1/crm/leads, GET} route[39m[38;5;3m +1ms[39m
[32m[Nest] 21676  - [39m10/09/2026, 2:08:28 PM [32m    LOG[39m [38;5;3m[RouterExplorer] [39m[32mMapped {/api/v1/crm/leads/:id, GET} route[39m[38;5;3m +0ms[39m
[32m[Nest] 21676  - [39m10/09/2026, 2:08:28 PM [32m    LOG[39m [38;5;3m[RouterExplorer] [39m[32mMapped {/api/v1/crm/leads, POST} route[39m[38;5;3m +0ms[39m
[32m[Nest] 21676  - [39m10/09/2026, 2:08:28 PM [32m    LOG[39m [38;5;3m[RouterExplorer] [39m[32mMapped {/api/v1/crm/leads/:id, PATCH} route[39m[38;5;3m +0ms[39m
[32m[Nest] 21676  - [39m10/09/2026, 2:08:28 PM [32m    LOG[39m [38;5;3m[RouterExplorer] [39m[32mMapped {/api/v1/crm/leads/:id/convert, POST} route[39m[38;5;3m +0ms[39m
[32m[Nest] 21676  - [39m10/09/2026, 2:08:28 PM [32m    LOG[39m [38;5;3m[RoutesResolver] [39m[32mCrmOpportunitiesController {/api/v1/crm/opportunities}:[39m[38;5;3m +0ms[39m
[32m[Nest] 21676  - [39m10/09/2026, 2:08:28 PM [32m    LOG[39m [38;5;3m[RouterExplorer] [39m[32mMapped {/api/v1/crm/opportunities, GET} route[39m[38;5;3m +1ms[39m
[32m[Nest] 21676  - [39m10/09/2026, 2:08:28 PM [32m    LOG[39m [38;5;3m[RouterExplorer] [39m[32mMapped {/api/v1/crm/opportunities/stages, GET} route[39m[38;5;3m +0ms[39m
[32m[Nest] 21676  - [39m10/09/2026, 2:08:28 PM [32m    LOG[39m [38;5;3m[RouterExplorer] [39m[32mMapped {/api/v1/crm/opportunities/pipeline, GET} route[39m[38;5;3m +0ms[39m
[32m[Nest] 21676  - [39m10/09/2026, 2:08:28 PM [32m    LOG[39m [38;5;3m[RouterExplorer] [39m[32mMapped {/api/v1/crm/opportunities/:id, GET} route[39m[38;5;3m +0ms[39m
[32m[Nest] 21676  - [39m10/09/2026, 2:08:28 PM [32m    LOG[39m [38;5;3m[RouterExplorer] [39m[32mMapped {/api/v1/crm/opportunities, POST} route[39m[38;5;3m +0ms[39m
[32m[Nest] 21676  - [39m10/09/2026, 2:08:28 PM [32m    LOG[39m [38;5;3m[RouterExplorer] [39m[32mMapped {/api/v1/crm/opportunities/:id, PATCH} route[39m[38;5;3m +1ms[39m
[32m[Nest] 21676  - [39m10/09/2026, 2:08:28 PM [32m    LOG[39m [38;5;3m[RouterExplorer] [39m[32mMapped {/api/v1/crm/opportunities/:id/sales-order, GET} route[39m[38;5;3m +0ms[39m
[32m[Nest] 21676  - [39m10/09/2026, 2:08:28 PM [32m    LOG[39m [38;5;3m[RouterExplorer] [39m[32mMapped {/api/v1/crm/opportunities/:id/win, POST} route[39m[38;5;3m +0ms[39m
[32m[Nest] 21676  - [39m10/09/2026, 2:08:28 PM [32m    LOG[39m [38;5;3m[RouterExplorer] [39m[32mMapped {/api/v1/crm/opportunities/:id/quotations, GET} route[39m[38;5;3m +0ms[39m
[32m[Nest] 21676  - [39m10/09/2026, 2:08:28 PM [32m    LOG[39m [38;5;3m[RouterExplorer] [39m[32mMapped {/api/v1/crm/opportunities/:id/quotations, POST} route[39m[38;5;3m +2ms[39m
[32m[Nest] 21676  - [39m10/09/2026, 2:08:28 PM [32m    LOG[39m [38;5;3m[RouterExplorer] [39m[32mMapped {/api/v1/crm/opportunities/:id/sales-order, POST} route[39m[38;5;3m +1ms[39m
[32m[Nest] 21676  - [39m10/09/2026, 2:08:28 PM [32m    LOG[39m [38;5;3m[RoutesResolver] [39m[32mCrmTicketsController {/api/v1/crm/tickets}:[39m[38;5;3m +0ms[39m
[32m[Nest] 21676  - [39m10/09/2026, 2:08:28 PM [32m    LOG[39m [38;5;3m[RouterExplorer] [39m[32mMapped {/api/v1/crm/tickets, GET} route[39m[38;5;3m +0ms[39m
[32m[Nest] 21676  - [39m10/09/2026, 2:08:28 PM [32m    LOG[39m [38;5;3m[RouterExplorer] [39m[32mMapped {/api/v1/crm/tickets/:id, GET} route[39m[38;5;3m +1ms[39m
[32m[Nest] 21676  - [39m10/09/2026, 2:08:28 PM [32m    LOG[39m [38;5;3m[RouterExplorer] [39m[32mMapped {/api/v1/crm/tickets, POST} route[39m[38;5;3m +0ms[39m
[32m[Nest] 21676  - [39m10/09/2026, 2:08:28 PM [32m    LOG[39m [38;5;3m[RouterExplorer] [39m[32mMapped {/api/v1/crm/tickets/:id, PATCH} route[39m[38;5;3m +0ms[39m
[32m[Nest] 21676  - [39m10/09/2026, 2:08:28 PM [32m    LOG[39m [38;5;3m[RouterExplorer] [39m[32mMapped {/api/v1/crm/tickets/:id/comments, GET} route[39m[38;5;3m +1ms[39m
[32m[Nest] 21676  - [39m10/09/2026, 2:08:28 PM [32m    LOG[39m [38;5;3m[RouterExplorer] [39m[32mMapped {/api/v1/crm/tickets/:id/comments, POST} route[39m[38;5;3m +0ms[39m
[32m[Nest] 21676  - [39m10/09/2026, 2:08:28 PM [32m    LOG[39m [38;5;3m[RoutesResolver] [39m[32mCrmLoyaltyController {/api/v1/crm/customers}:[39m[38;5;3m +0ms[39m
[32m[Nest] 21676  - [39m10/09/2026, 2:08:28 PM [32m    LOG[39m [38;5;3m[RouterExplorer] [39m[32mMapped {/api/v1/crm/customers/:customerId/loyalty, GET} route[39m[38;5;3m +0ms[39m
[32m[Nest] 21676  - [39m10/09/2026, 2:08:28 PM [32m    LOG[39m [38;5;3m[RoutesResolver] [39m[32mCrmCustomer360Controller {/api/v1/crm/customers}:[39m[38;5;3m +0ms[39m
[32m[Nest] 21676  - [39m10/09/2026, 2:08:28 PM [32m    LOG[39m [38;5;3m[RouterExplorer] [39m[32mMapped {/api/v1/crm/customers/:customerId/360, GET} route[39m[38;5;3m +0ms[39m
[32m[Nest] 21676  - [39m10/09/2026, 2:08:28 PM [32m    LOG[39m [38;5;3m[RoutesResolver] [39m[32mCrmActivitiesController {/api/v1/crm/opportunities/:opportunityId/activities}:[39m[38;5;3m +0ms[39m
[32m[Nest] 21676  - [39m10/09/2026, 2:08:28 PM [32m    LOG[39m [38;5;3m[RouterExplorer] [39m[32mMapped {/api/v1/crm/opportunities/:opportunityId/activities, GET} route[39m[38;5;3m +1ms[39m
[32m[Nest] 21676  - [39m10/09/2026, 2:08:28 PM [32m    LOG[39m [38;5;3m[RouterExplorer] [39m[32mMapped {/api/v1/crm/opportunities/:opportunityId/activities, POST} route[39m[38;5;3m +0ms[39m
[32m[Nest] 21676  - [39m10/09/2026, 2:08:28 PM [32m    LOG[39m [38;5;3m[RouterExplorer] [39m[32mMapped {/api/v1/crm/opportunities/:opportunityId/activities/:activityId/complete, POST} route[39m[38;5;3m +1ms[39m
[32m[Nest] 21676  - [39m10/09/2026, 2:08:28 PM [32m    LOG[39m [38;5;3m[RoutesResolver] [39m[32mCrmTicketActivitiesController {/api/v1/crm/tickets/:ticketId/activities}:[39m[38;5;3m +0ms[39m
[32m[Nest] 21676  - [39m10/09/2026, 2:08:28 PM [32m    LOG[39m [38;5;3m[RouterExplorer] [39m[32mMapped {/api/v1/crm/tickets/:ticketId/activities, GET} route[39m[38;5;3m +0ms[39m
[32m[Nest] 21676  - [39m10/09/2026, 2:08:28 PM [32m    LOG[39m [38;5;3m[RouterExplorer] [39m[32mMapped {/api/v1/crm/tickets/:ticketId/activities, POST} route[39m[38;5;3m +0ms[39m
[32m[Nest] 21676  - [39m10/09/2026, 2:08:28 PM [32m    LOG[39m [38;5;3m[RouterExplorer] [39m[32mMapped {/api/v1/crm/tickets/:ticketId/activities/:activityId/complete, POST} route[39m[38;5;3m +0ms[39m
[32m[Nest] 21676  - [39m10/09/2026, 2:08:28 PM [32m    LOG[39m [38;5;3m[RoutesResolver] [39m[32mCrmDashboardController {/api/v1/crm/dashboard}:[39m[38;5;3m +0ms[39m
[32m[Nest] 21676  - [39m10/09/2026, 2:08:28 PM [32m    LOG[39m [38;5;3m[RouterExplorer] [39m[32mMapped {/api/v1/crm/dashboard, GET} route[39m[38;5;3m +1ms[39m
[32m[Nest] 21676  - [39m10/09/2026, 2:08:28 PM [32m    LOG[39m [38;5;3m[RoutesResolver] [39m[32mCrmMessagesController {/api/v1/crm/opportunities/:id}:[39m[38;5;3m +0ms[39m
[32m[Nest] 21676  - [39m10/09/2026, 2:08:28 PM [32m    LOG[39m [38;5;3m[RouterExplorer] [39m[32mMapped {/api/v1/crm/opportunities/:id/feed, GET} route[39m[38;5;3m +0ms[39m
[32m[Nest] 21676  - [39m10/09/2026, 2:08:28 PM [32m    LOG[39m [38;5;3m[RouterExplorer] [39m[32mMapped {/api/v1/crm/opportunities/:id/notes, POST} route[39m[38;5;3m +0ms[39m
[32m[Nest] 21676  - [39m10/09/2026, 2:08:28 PM [32m    LOG[39m [38;5;3m[RouterExplorer] [39m[32mMapped {/api/v1/crm/opportunities/:id/notes/:noteId, PATCH} route[39m[38;5;3m +0ms[39m
[32m[Nest] 21676  - [39m10/09/2026, 2:08:28 PM [32m    LOG[39m [38;5;3m[RouterExplorer] [39m[32mMapped {/api/v1/crm/opportunities/:id/notes/:noteId, DELETE} route[39m[38;5;3m +0ms[39m
[32m[Nest] 21676  - [39m10/09/2026, 2:08:29 PM [32m    LOG[39m [38;5;3m[FlespiMqttService] [39m[32mConnecting flespi MQTT mqtts://mqtt.flespi.io:8883 topic=flespi/message/gw/channels/1438873/+[39m
[32m[Nest] 21676  - [39m10/09/2026, 2:08:30 PM [32m    LOG[39m [38;5;3m[Tile38Service] [39m[32mTile38 connected at 127.0.0.1:9851[39m
[32m[Nest] 21676  - [39m10/09/2026, 2:08:30 PM [32m    LOG[39m [38;5;3m[GeofencesService] [39m[32mSynced 2 geofences to Tile38[39m
[32m[Nest] 21676  - [39m10/09/2026, 2:08:30 PM [32m    LOG[39m [38;5;3m[NestApplication] [39m[32mNest application successfully started[39m[38;5;3m +13ms[39m
AGCTEK ERP API running on http://localhost:3011
[32m[Nest] 21676  - [39m10/09/2026, 2:08:31 PM [32m    LOG[39m [38;5;3m[FlespiMqttService] [39m[32mFlespi MQTT connected[39m
[32m[Nest] 21676  - [39m10/09/2026, 2:08:31 PM [32m    LOG[39m [38;5;3m[FlespiMqttService] [39m[32mSubscribed flespi/message/gw/channels/1438873/+[39m
